date,candidate,tone,volume
2026-04-07,Alexandria Ocasio-Cortez,,0.0242
2026-04-07,Gavin Newsom,,0.0549
2026-04-07,Pete Buttigieg,-2.1606,0.0085
2026-04-08,Alexandria Ocasio-Cortez,,0.024
2026-04-08,Gavin Newsom,,0.0597
2026-04-08,Pete Buttigieg,-0.2539,0.011
2026-04-09,Alexandria Ocasio-Cortez,,0.0415
2026-04-09,Gavin Newsom,,0.0698
2026-04-09,Pete Buttigieg,0.5323,0.0239
2026-04-10,Alexandria Ocasio-Cortez,,0.0155
2026-04-10,Gavin Newsom,,0.0728
2026-04-10,Pete Buttigieg,0.9994,0.0749
2026-04-11,Alexandria Ocasio-Cortez,,0.0085
2026-04-11,Gavin Newsom,,0.0981
2026-04-11,Pete Buttigieg,0.2521,0.0186
2026-04-12,Alexandria Ocasio-Cortez,,0.0135
2026-04-12,Gavin Newsom,,0.0571
2026-04-12,Pete Buttigieg,0.7063,0.0052
2026-04-13,Alexandria Ocasio-Cortez,,0.0107
2026-04-13,Gavin Newsom,,0.1401
2026-04-13,Pete Buttigieg,-1.144,0.008
2026-04-14,Alexandria Ocasio-Cortez,,0.0067
2026-04-14,Gavin Newsom,,0.1444
2026-04-14,Pete Buttigieg,-0.8307,0.0034
2026-04-15,Alexandria Ocasio-Cortez,,0.0535
2026-04-15,Gavin Newsom,,0.0846
2026-04-15,Pete Buttigieg,-1.8686,0.0041
2026-04-16,Alexandria Ocasio-Cortez,,0.0213
2026-04-16,Gavin Newsom,,0.0438
2026-04-16,Pete Buttigieg,-2.2593,0.0016
2026-04-17,Alexandria Ocasio-Cortez,,0.0316
2026-04-17,Gavin Newsom,,0.0661
2026-04-17,Pete Buttigieg,-2.2,0.0035
2026-04-18,Alexandria Ocasio-Cortez,,0.0541
2026-04-18,Gavin Newsom,,0.0902
2026-04-18,Pete Buttigieg,-0.4645,0.0133
2026-04-19,Alexandria Ocasio-Cortez,,0.0084
2026-04-19,Gavin Newsom,,0.0368
2026-04-19,Pete Buttigieg,-3.6659,0.0033
2026-04-20,Alexandria Ocasio-Cortez,,0.0077
2026-04-20,Gavin Newsom,,0.0413
2026-04-20,Pete Buttigieg,-2.0803,0.0032
2026-04-21,Alexandria Ocasio-Cortez,,0.0093
2026-04-21,Gavin Newsom,,0.049
2026-04-21,Pete Buttigieg,-1.1943,0.0058
2026-04-22,Alexandria Ocasio-Cortez,,0.0131
2026-04-22,Gavin Newsom,,0.0794
2026-04-22,Pete Buttigieg,-0.8231,0.0031
2026-04-23,Alexandria Ocasio-Cortez,,0.0079
2026-04-23,Gavin Newsom,,0.0954
2026-04-23,Pete Buttigieg,-0.5712,0.0037
2026-04-24,Alexandria Ocasio-Cortez,,0.0113
2026-04-24,Gavin Newsom,,0.072
2026-04-24,Pete Buttigieg,0.217,0.0016
2026-04-25,Alexandria Ocasio-Cortez,,0.0074
2026-04-25,Gavin Newsom,,0.0466
2026-04-25,Pete Buttigieg,-1.4781,0.0027
2026-04-26,Alexandria Ocasio-Cortez,,0.0083
2026-04-26,Gavin Newsom,,0.0343
2026-04-26,Pete Buttigieg,0.0,0.0
2026-04-27,Alexandria Ocasio-Cortez,,0.0099
2026-04-27,Gavin Newsom,,0.046
2026-04-27,Pete Buttigieg,-3.1093,0.0007
2026-04-28,Alexandria Ocasio-Cortez,,0.0087
2026-04-28,Gavin Newsom,,0.1145
2026-04-28,Pete Buttigieg,-1.1601,0.0014
2026-04-29,Alexandria Ocasio-Cortez,,0.034
2026-04-29,Gavin Newsom,,0.0794
2026-04-29,Pete Buttigieg,0.0285,0.0024
2026-04-30,Alexandria Ocasio-Cortez,,0.0158
2026-04-30,Gavin Newsom,,0.0526
2026-04-30,Pete Buttigieg,0.1153,0.0023
2026-05-01,Alexandria Ocasio-Cortez,,0.0237
2026-05-01,Gavin Newsom,,0.0739
2026-05-01,Pete Buttigieg,0.8987,0.0018
2026-05-02,Alexandria Ocasio-Cortez,,0.0106
2026-05-02,Gavin Newsom,,0.0961
2026-05-02,Pete Buttigieg,-1.5827,0.0855
2026-05-03,Alexandria Ocasio-Cortez,,0.0088
2026-05-03,Gavin Newsom,,0.0441
2026-05-03,Pete Buttigieg,-3.5171,0.0088
2026-05-04,Alexandria Ocasio-Cortez,,0.0061
2026-05-04,Gavin Newsom,,0.0743
2026-05-04,Pete Buttigieg,-2.5386,0.0281
2026-05-05,Alexandria Ocasio-Cortez,,0.0094
2026-05-05,Gavin Newsom,,0.09
2026-05-05,Pete Buttigieg,-1.0483,0.0369
2026-05-06,Alexandria Ocasio-Cortez,,0.0133
2026-05-06,Gavin Newsom,,0.1213
2026-05-06,Pete Buttigieg,-0.9807,0.0144
2026-05-07,Alexandria Ocasio-Cortez,,0.0133
2026-05-07,Gavin Newsom,,0.0729
2026-05-07,Pete Buttigieg,-1.9772,0.0099
2026-05-08,Alexandria Ocasio-Cortez,,0.0185
2026-05-08,Gavin Newsom,,0.0866
2026-05-08,Pete Buttigieg,1.5799,0.0036
2026-05-09,Alexandria Ocasio-Cortez,,0.0158
2026-05-09,Gavin Newsom,,0.0593
2026-05-09,Pete Buttigieg,-0.0959,0.0105
2026-05-10,Alexandria Ocasio-Cortez,,0.0152
2026-05-10,Gavin Newsom,,0.0501
2026-05-10,Pete Buttigieg,-1.2501,0.0206
2026-05-11,Alexandria Ocasio-Cortez,,0.0228
2026-05-11,Gavin Newsom,,0.0338
2026-05-11,Pete Buttigieg,-0.3408,0.0078
2026-05-12,Alexandria Ocasio-Cortez,,0.0168
2026-05-12,Gavin Newsom,,0.0964
2026-05-12,Pete Buttigieg,-0.2139,0.0056
2026-05-13,Alexandria Ocasio-Cortez,,0.018
2026-05-13,Gavin Newsom,,0.0752
2026-05-13,Pete Buttigieg,-0.5862,0.0081
2026-05-14,Alexandria Ocasio-Cortez,,0.0121
2026-05-14,Gavin Newsom,,0.1358
2026-05-14,Pete Buttigieg,0.8318,0.0114
2026-05-15,Alexandria Ocasio-Cortez,,0.0155
2026-05-15,Gavin Newsom,,0.0959
2026-05-15,Pete Buttigieg,0.2115,0.0071
2026-05-16,Alexandria Ocasio-Cortez,,0.0191
2026-05-16,Gavin Newsom,,0.0875
2026-05-16,Pete Buttigieg,0.018,0.0048
2026-05-17,Alexandria Ocasio-Cortez,,0.0317
2026-05-17,Gavin Newsom,,0.0317
2026-05-17,Pete Buttigieg,-1.6724,0.0084
2026-05-18,Alexandria Ocasio-Cortez,,0.02
2026-05-18,Gavin Newsom,,0.2051
2026-05-18,Pete Buttigieg,-0.8015,0.018
2026-05-19,Alexandria Ocasio-Cortez,,0.0419
2026-05-19,Gavin Newsom,,0.2272
2026-05-19,Pete Buttigieg,0.0454,0.0077
2026-05-20,Alexandria Ocasio-Cortez,,0.0639
2026-05-20,Gavin Newsom,,0.041
2026-05-20,Pete Buttigieg,-0.6321,0.0081
2026-05-21,Alexandria Ocasio-Cortez,,0.0152
2026-05-21,Gavin Newsom,,0.045
2026-05-21,Pete Buttigieg,-0.4754,0.0068
2026-05-22,Alexandria Ocasio-Cortez,,0.0184
2026-05-22,Gavin Newsom,,0.137
2026-05-22,Pete Buttigieg,0.6897,0.0507
2026-05-23,Alexandria Ocasio-Cortez,,0.018
2026-05-23,Gavin Newsom,,0.1182
2026-05-23,Pete Buttigieg,2.6499,0.0157
2026-05-24,Alexandria Ocasio-Cortez,,0.0079
2026-05-24,Gavin Newsom,,0.2263
2026-05-24,Pete Buttigieg,4.7904,0.001
2026-05-25,Alexandria Ocasio-Cortez,,0.0252
2026-05-25,Gavin Newsom,,0.2002
2026-05-25,Pete Buttigieg,-1.4382,0.0059
2026-05-26,Alexandria Ocasio-Cortez,,0.0423
2026-05-26,Gavin Newsom,,0.0436
2026-05-26,Pete Buttigieg,2.3354,0.0046
2026-05-27,Alexandria Ocasio-Cortez,,0.0344
2026-05-27,Gavin Newsom,,0.0438
2026-05-27,Pete Buttigieg,3.2366,0.0227
2026-05-28,Alexandria Ocasio-Cortez,,0.0454
2026-05-28,Gavin Newsom,,0.1271
2026-05-28,Pete Buttigieg,0.9955,0.0507
2026-05-29,Alexandria Ocasio-Cortez,,0.0286
2026-05-29,Gavin Newsom,,0.0927
2026-05-29,Pete Buttigieg,0.4644,0.016
2026-05-30,Alexandria Ocasio-Cortez,,0.0183
2026-05-30,Gavin Newsom,,0.0776
2026-05-30,Pete Buttigieg,1.3947,0.0054
2026-05-31,Alexandria Ocasio-Cortez,,0.0108
2026-05-31,Gavin Newsom,,0.0745
2026-05-31,Pete Buttigieg,-0.0269,0.0043
2026-06-01,Alexandria Ocasio-Cortez,,0.0119
2026-06-01,Gavin Newsom,,0.1027
2026-06-01,Pete Buttigieg,-0.2402,0.0038
2026-06-02,Alexandria Ocasio-Cortez,,0.0426
2026-06-02,Gavin Newsom,,0.1946
2026-06-02,Pete Buttigieg,0.8501,0.0044
2026-06-03,Alexandria Ocasio-Cortez,,0.063
2026-06-03,Gavin Newsom,,0.2187
2026-06-03,Pete Buttigieg,0.2998,0.0301
2026-06-04,Alexandria Ocasio-Cortez,,0.0107
2026-06-04,Gavin Newsom,,0.0756
2026-06-04,Pete Buttigieg,0.1916,0.0028
2026-06-05,Alexandria Ocasio-Cortez,,0.0145
2026-06-05,Gavin Newsom,,0.0402
2026-06-05,Pete Buttigieg,0.8504,0.004
2026-06-06,Alexandria Ocasio-Cortez,,0.0068
2026-06-06,Gavin Newsom,,0.2302
2026-06-06,Pete Buttigieg,0.0,0.0
2026-06-07,Alexandria Ocasio-Cortez,,0.0023
2026-06-07,Gavin Newsom,,0.0279
2026-06-07,Pete Buttigieg,1.7327,0.0012
2026-06-08,Alexandria Ocasio-Cortez,,0.0112
2026-06-08,Gavin Newsom,,0.1192
2026-06-08,Pete Buttigieg,-0.7751,0.0037
2026-06-09,Alexandria Ocasio-Cortez,,0.0109
2026-06-09,Gavin Newsom,,0.1012
2026-06-09,Pete Buttigieg,0.0,0.0
2026-06-10,Alexandria Ocasio-Cortez,,0.0085
2026-06-10,Gavin Newsom,,0.0793
2026-06-10,Pete Buttigieg,1.5754,0.0006
2026-06-11,Alexandria Ocasio-Cortez,,0.0088
2026-06-11,Gavin Newsom,,0.0408
2026-06-11,Pete Buttigieg,0.0601,0.0023
2026-06-12,Alexandria Ocasio-Cortez,,0.0106
2026-06-12,Gavin Newsom,,0.0387
2026-06-12,Pete Buttigieg,0.4117,0.0062
2026-06-13,Alexandria Ocasio-Cortez,,0.0086
2026-06-13,Gavin Newsom,,0.0736
2026-06-13,Pete Buttigieg,-0.2519,0.0043
2026-06-14,Alexandria Ocasio-Cortez,,0.0064
2026-06-14,Gavin Newsom,,0.0451
2026-06-14,Pete Buttigieg,-1.4038,0.0026
2026-06-15,Alexandria Ocasio-Cortez,,0.0045
2026-06-15,Gavin Newsom,,0.0815
2026-06-15,Pete Buttigieg,-1.4962,0.0045
2026-06-16,Alexandria Ocasio-Cortez,,0.0061
2026-06-16,Gavin Newsom,,0.1404
2026-06-16,Pete Buttigieg,-0.8634,0.0027
2026-06-17,Alexandria Ocasio-Cortez,,0.0228
2026-06-17,Gavin Newsom,,0.1011
2026-06-17,Pete Buttigieg,-1.713,0.0052
2026-06-18,Alexandria Ocasio-Cortez,,0.0245
2026-06-18,Gavin Newsom,,0.0933
2026-06-18,Pete Buttigieg,-0.1475,0.0029
2026-06-19,Alexandria Ocasio-Cortez,,0.0194
2026-06-19,Gavin Newsom,,0.0517
2026-06-19,Pete Buttigieg,0.2199,0.0019
2026-06-20,Alexandria Ocasio-Cortez,,0.0069
2026-06-20,Gavin Newsom,,0.0571
2026-06-20,Pete Buttigieg,0.3168,0.0023
2026-06-21,Alexandria Ocasio-Cortez,,0.0075
2026-06-21,Gavin Newsom,,0.0448
2026-06-21,Pete Buttigieg,-0.4815,0.0028
2026-06-22,Alexandria Ocasio-Cortez,,0.0092
2026-06-22,Gavin Newsom,,0.0391
2026-06-22,Pete Buttigieg,-0.2481,0.0024
2026-06-23,Alexandria Ocasio-Cortez,,0.0089
2026-06-23,Gavin Newsom,,0.0444
2026-06-23,Pete Buttigieg,0.0,0.0
2026-06-24,Alexandria Ocasio-Cortez,,0.0429
2026-06-24,Gavin Newsom,,0.068
2026-06-24,Pete Buttigieg,0.9269,0.002
2026-06-25,Alexandria Ocasio-Cortez,,0.034
2026-06-25,Gavin Newsom,,0.061
2026-06-25,Pete Buttigieg,4.1411,0.0006
2026-06-26,Alexandria Ocasio-Cortez,,0.0199
2026-06-26,Gavin Newsom,,0.1203
2026-06-26,Pete Buttigieg,-4.614,0.0177
2026-06-27,Alexandria Ocasio-Cortez,,0.0252
2026-06-27,Gavin Newsom,,0.0665
2026-06-27,Pete Buttigieg,-1.6024,0.0886
2026-06-28,Alexandria Ocasio-Cortez,,0.0061
2026-06-28,Gavin Newsom,,0.0654
2026-06-28,Pete Buttigieg,-7.2948,0.0015
2026-06-29,Alexandria Ocasio-Cortez,,0.0602
2026-06-29,Gavin Newsom,,0.0652
2026-06-29,Pete Buttigieg,-0.0987,0.0393
2026-06-30,Alexandria Ocasio-Cortez,,0.0103
2026-06-30,Gavin Newsom,,0.05
2026-06-30,Pete Buttigieg,-3.6721,0.0034
2026-07-05,Alexandria Ocasio-Cortez,,0.0293
2026-07-05,Gavin Newsom,,0.0323
2026-07-05,Pete Buttigieg,0.0,0.0
2026-07-06,Alexandria Ocasio-Cortez,,0.0177
2026-07-06,Gavin Newsom,,0.0362
2026-07-06,Pete Buttigieg,-0.0201,0.0035
2026-07-07,Alexandria Ocasio-Cortez,,0.0218
2026-07-07,Gavin Newsom,,0.0422
2026-07-07,Pete Buttigieg,0.6629,0.0068
2026-07-08,Alexandria Ocasio-Cortez,,0.0165
2026-07-08,Gavin Newsom,,0.0652
2026-07-08,Pete Buttigieg,-3.1826,0.0013
2026-07-09,Alexandria Ocasio-Cortez,,0.0187
2026-07-09,Gavin Newsom,,0.0422
2026-07-09,Pete Buttigieg,-2.8128,0.0012
2026-07-10,Alexandria Ocasio-Cortez,,0.032
2026-07-10,Gavin Newsom,,0.0391
2026-07-10,Pete Buttigieg,0.1926,0.0059
2026-07-11,Alexandria Ocasio-Cortez,,0.0156
2026-07-11,Gavin Newsom,,0.0225
2026-07-11,Pete Buttigieg,-1.1621,0.0026
2026-07-12,Alexandria Ocasio-Cortez,,0.009
2026-07-12,Gavin Newsom,,0.0296
2026-07-12,Pete Buttigieg,-0.7562,0.0027
2026-07-13,Alexandria Ocasio-Cortez,,0.0171
2026-07-13,Gavin Newsom,,0.0251
2026-07-13,Pete Buttigieg,1.854,0.0061
2026-07-14,Alexandria Ocasio-Cortez,,0.0094
2026-07-14,Gavin Newsom,,0.0648
2026-07-14,Pete Buttigieg,0.0687,0.0065
2026-07-15,Alexandria Ocasio-Cortez,,0.0169
2026-07-15,Gavin Newsom,,0.0485
2026-07-15,Pete Buttigieg,-0.2934,0.0047
2026-07-16,Alexandria Ocasio-Cortez,,0.025
2026-07-16,Gavin Newsom,,0.0445
2026-07-16,Pete Buttigieg,1.3951,0.0033
2026-07-17,Alexandria Ocasio-Cortez,,0.0292
2026-07-17,Gavin Newsom,,0.1125
2026-07-17,Pete Buttigieg,0.8613,0.007
2026-07-18,Alexandria Ocasio-Cortez,,0.0129
2026-07-18,Gavin Newsom,,0.045
2026-07-18,Pete Buttigieg,-1.9563,0.0322
2026-07-19,Alexandria Ocasio-Cortez,,0.0585
2026-07-19,Gavin Newsom,,0.0222
2026-07-19,Pete Buttigieg,-1.2999,0.005
2026-07-20,Alexandria Ocasio-Cortez,,0.0254
2026-07-20,Gavin Newsom,,0.0239
2026-07-20,Pete Buttigieg,-1.5165,0.0062
2026-07-21,Alexandria Ocasio-Cortez,,0.0346
2026-07-21,Gavin Newsom,,0.1168
2026-07-21,Pete Buttigieg,-1.081,0.0011
2026-07-22,Alexandria Ocasio-Cortez,,0.0207
2026-07-22,Gavin Newsom,,0.0538
2026-07-22,Pete Buttigieg,-0.8887,0.0056
2026-07-23,Alexandria Ocasio-Cortez,,0.043
2026-07-23,Gavin Newsom,,0.0589
2026-07-23,Pete Buttigieg,0.4789,0.0258
2026-07-24,Alexandria Ocasio-Cortez,,0.0535
2026-07-24,Gavin Newsom,,0.0329
2026-07-24,Pete Buttigieg,1.0835,0.0226
2026-07-25,Alexandria Ocasio-Cortez,,0.0271
2026-07-25,Gavin Newsom,,0.1452
2026-07-25,Pete Buttigieg,-2.0077,0.0054
2026-07-26,Alexandria Ocasio-Cortez,,0.0202
2026-07-26,Gavin Newsom,,0.0192
2026-07-26,Pete Buttigieg,-1.1202,0.003
2026-07-27,Alexandria Ocasio-Cortez,,0.0181
2026-07-27,Gavin Newsom,,0.029
2026-07-27,Pete Buttigieg,-2.6732,0.0087
2026-07-28,Alexandria Ocasio-Cortez,,0.0264
2026-07-28,Gavin Newsom,,0.0409
2026-07-28,Pete Buttigieg,-3.0088,0.0078
2026-07-29,Alexandria Ocasio-Cortez,,0.0173
2026-07-29,Gavin Newsom,,0.0475
2026-07-29,Pete Buttigieg,-2.8679,0.0031
2026-07-30,Alexandria Ocasio-Cortez,,0.0321
2026-07-30,Gavin Newsom,,0.0249
2026-07-30,Pete Buttigieg,-0.2568,0.0042
2026-07-31,Alexandria Ocasio-Cortez,,0.038
2026-07-31,Gavin Newsom,,0.048
2026-07-31,Pete Buttigieg,-2.2657,0.002
2026-08-01,Alexandria Ocasio-Cortez,,0.029
2026-08-01,Gavin Newsom,,0.0354
2026-08-01,Pete Buttigieg,0.8133,0.0082
2026-08-02,Alexandria Ocasio-Cortez,,0.0572
2026-08-02,Gavin Newsom,,0.062
2026-08-02,Pete Buttigieg,0.5055,0.0407
2026-08-03,Alexandria Ocasio-Cortez,,0.0271
2026-08-03,Gavin Newsom,,0.0495
2026-08-03,Pete Buttigieg,0.1311,0.0054
2026-08-04,Alexandria Ocasio-Cortez,,0.066
2026-08-04,Gavin Newsom,,0.1002
2026-08-04,Pete Buttigieg,-0.3332,0.0025
2026-08-05,Alexandria Ocasio-Cortez,,0.1881
2026-08-05,Gavin Newsom,,0.0472
2026-08-05,Pete Buttigieg,-0.1312,0.0068
2026-08-06,Alexandria Ocasio-Cortez,,0.0597
2026-08-06,Gavin Newsom,,0.0534
2026-08-06,Pete Buttigieg,-0.2079,0.0082
2026-08-07,Alexandria Ocasio-Cortez,,0.0551
2026-08-07,Gavin Newsom,,0.0585
2026-08-07,Pete Buttigieg,0.6127,0.0178
2026-08-08,Alexandria Ocasio-Cortez,,0.0148
2026-08-08,Gavin Newsom,,0.0297
2026-08-08,Pete Buttigieg,0.2205,0.0061
2026-08-09,Alexandria Ocasio-Cortez,,0.0359
2026-08-09,Gavin Newsom,,0.0252
2026-08-09,Pete Buttigieg,0.3331,0.0116
2026-08-10,Alexandria Ocasio-Cortez,,0.1077
2026-08-10,Gavin Newsom,,0.033
2026-08-10,Pete Buttigieg,0.3085,0.0104
2026-08-11,Alexandria Ocasio-Cortez,,0.0709
2026-08-11,Gavin Newsom,,0.0671
2026-08-11,Pete Buttigieg,0.4149,0.0061
2026-08-12,Alexandria Ocasio-Cortez,,0.141
2026-08-12,Gavin Newsom,,0.042
2026-08-12,Pete Buttigieg,-0.273,0.0242
2026-08-13,Alexandria Ocasio-Cortez,,0.0456
2026-08-13,Gavin Newsom,,0.0745
2026-08-13,Pete Buttigieg,1.1393,0.0217
2026-08-14,Alexandria Ocasio-Cortez,,0.0468
2026-08-14,Gavin Newsom,,0.037
2026-08-14,Pete Buttigieg,0.3691,0.0046
2026-08-15,Alexandria Ocasio-Cortez,,0.0406
2026-08-15,Gavin Newsom,,0.0323
2026-08-15,Pete Buttigieg,1.19,0.0388
2026-08-16,Alexandria Ocasio-Cortez,,0.0231
2026-08-16,Gavin Newsom,,0.0347
2026-08-16,Pete Buttigieg,0.6228,0.0193
2026-08-17,Alexandria Ocasio-Cortez,,0.037
2026-08-17,Gavin Newsom,,0.0422
2026-08-17,Pete Buttigieg,-0.106,0.006
2026-08-18,Alexandria Ocasio-Cortez,,0.0325
2026-08-18,Gavin Newsom,,0.0284
2026-08-18,Pete Buttigieg,-1.0849,0.0047
2026-08-19,Alexandria Ocasio-Cortez,,0.0235
2026-08-19,Gavin Newsom,,0.0406
2026-08-19,Pete Buttigieg,-0.334,0.0051
2026-08-20,Alexandria Ocasio-Cortez,,0.0256
2026-08-20,Gavin Newsom,,0.0413
2026-08-20,Pete Buttigieg,0.5199,0.0029
2026-08-21,Alexandria Ocasio-Cortez,,0.038
2026-08-21,Gavin Newsom,,0.0815
2026-08-21,Pete Buttigieg,0.1461,0.0044
2026-08-22,Alexandria Ocasio-Cortez,,0.0265
2026-08-22,Gavin Newsom,,0.0305
2026-08-22,Pete Buttigieg,0.0254,0.0224
2026-08-23,Alexandria Ocasio-Cortez,,0.0215
2026-08-23,Gavin Newsom,,0.1267
2026-08-23,Pete Buttigieg,0.1449,0.0418
2026-08-24,Alexandria Ocasio-Cortez,,0.0153
2026-08-24,Gavin Newsom,,0.0765
2026-08-24,Pete Buttigieg,-0.3565,0.0153
2026-08-25,Alexandria Ocasio-Cortez,,0.0204
2026-08-25,Gavin Newsom,,0.0764
2026-08-25,Pete Buttigieg,0.1966,0.0038
2026-08-26,Alexandria Ocasio-Cortez,,0.0184
2026-08-26,Gavin Newsom,,0.0634
2026-08-26,Pete Buttigieg,-2.3546,0.0028
2026-08-27,Alexandria Ocasio-Cortez,,0.026
2026-08-27,Gavin Newsom,,0.0978
2026-08-27,Pete Buttigieg,-0.312,0.0046
2026-08-28,Alexandria Ocasio-Cortez,,0.0421
2026-08-28,Gavin Newsom,,0.0628
2026-08-28,Pete Buttigieg,-1.4231,0.0056
2026-08-29,Alexandria Ocasio-Cortez,,0.0185
2026-08-29,Gavin Newsom,,0.0653
2026-08-29,Pete Buttigieg,-0.7197,0.0022
2026-08-30,Alexandria Ocasio-Cortez,,0.034
2026-08-30,Gavin Newsom,,0.0642
2026-08-30,Pete Buttigieg,-1.7945,0.0063
2026-08-31,Alexandria Ocasio-Cortez,,0.026
2026-08-31,Gavin Newsom,,0.0521
2026-08-31,Pete Buttigieg,-0.8991,0.0028
2026-09-01,Alexandria Ocasio-Cortez,,0.0352
2026-09-01,Gavin Newsom,,0.0979
2026-09-01,Pete Buttigieg,-1.9349,0.0017
2026-09-02,Alexandria Ocasio-Cortez,,0.094
2026-09-02,Gavin Newsom,,0.1633
2026-09-02,Pete Buttigieg,-1.5751,0.0038
2026-09-03,Alexandria Ocasio-Cortez,,0.0174
2026-09-03,Gavin Newsom,,0.0589
2026-09-03,Pete Buttigieg,-0.8493,0.0017
2026-09-04,Alexandria Ocasio-Cortez,,0.0109
2026-09-04,Gavin Newsom,,0.0639
2026-09-04,Pete Buttigieg,0.1367,0.0038
2026-09-05,Alexandria Ocasio-Cortez,,0.0136
2026-09-05,Gavin Newsom,,0.0934
2026-09-05,Pete Buttigieg,0.0,0.0
2026-09-06,Alexandria Ocasio-Cortez,,0.0112
2026-09-06,Gavin Newsom,,0.0588
2026-09-06,Pete Buttigieg,-1.8226,0.0274
2026-09-07,Alexandria Ocasio-Cortez,,0.0136
2026-09-07,Gavin Newsom,,0.0796
2026-09-07,Pete Buttigieg,-1.8828,0.0051
2026-09-08,Alexandria Ocasio-Cortez,,0.0142
2026-09-08,Gavin Newsom,,0.0634
2026-09-08,Pete Buttigieg,-1.007,0.0091
2026-09-09,Alexandria Ocasio-Cortez,,0.005
2026-09-09,Gavin Newsom,,0.0761
2026-09-09,Pete Buttigieg,-2.9899,0.0019
2026-09-10,Alexandria Ocasio-Cortez,,0.011
2026-09-10,Gavin Newsom,,0.1096
2026-09-10,Pete Buttigieg,-2.8828,0.0026
2026-09-11,Alexandria Ocasio-Cortez,,0.0318
2026-09-11,Gavin Newsom,,0.0817
2026-09-11,Pete Buttigieg,-1.2459,0.0019
2026-09-12,Alexandria Ocasio-Cortez,,0.0356
2026-09-12,Gavin Newsom,,0.0323
2026-09-12,Pete Buttigieg,-1.0204,0.0008
2026-09-13,Alexandria Ocasio-Cortez,,0.0137
2026-09-13,Gavin Newsom,,0.024
2026-09-13,Pete Buttigieg,0.0,0.0
2026-09-20,Alexandria Ocasio-Cortez,,0.0038
2026-09-20,Gavin Newsom,,0.0825
2026-09-20,Pete Buttigieg,-1.5985,0.0019
2026-09-21,Alexandria Ocasio-Cortez,,0.0129
2026-09-21,Gavin Newsom,,0.1668
2026-09-21,Pete Buttigieg,-1.7603,0.0221
2026-09-22,Alexandria Ocasio-Cortez,,0.017
2026-09-22,Gavin Newsom,,0.1777
2026-09-22,Pete Buttigieg,-2.747,0.018
2026-09-23,Alexandria Ocasio-Cortez,,0.0394
2026-09-23,Gavin Newsom,,0.1362
2026-09-23,Pete Buttigieg,-1.2093,0.0033
2026-09-24,Alexandria Ocasio-Cortez,,0.0128
2026-09-24,Gavin Newsom,,0.1218
2026-09-24,Pete Buttigieg,-1.8616,0.0032
2026-09-25,Alexandria Ocasio-Cortez,,0.0136
2026-09-25,Gavin Newsom,,0.085
2026-09-25,Pete Buttigieg,-0.5445,0.0034
2026-09-27,Alexandria Ocasio-Cortez,,0.0039
2026-09-27,Gavin Newsom,,0.0581
2026-09-27,Pete Buttigieg,-0.8556,0.009
2026-09-28,Alexandria Ocasio-Cortez,,0.0413
2026-09-28,Gavin Newsom,,0.071
2026-09-28,Pete Buttigieg,0.3736,0.019
2026-09-29,Alexandria Ocasio-Cortez,,0.0941
2026-09-29,Gavin Newsom,,0.0964
2026-09-29,Pete Buttigieg,-1.1354,0.0111
2026-09-30,Alexandria Ocasio-Cortez,,0.0404
2026-09-30,Gavin Newsom,,0.1715
2026-09-30,Pete Buttigieg,0.9569,0.0009
2026-10-01,Alexandria Ocasio-Cortez,,0.0544
2026-10-01,Gavin Newsom,,0.2301
2026-10-01,Pete Buttigieg,-0.0885,0.0017
2026-10-02,Alexandria Ocasio-Cortez,,0.0085
2026-10-02,Gavin Newsom,,0.1088
2026-10-02,Pete Buttigieg,0.0,0.0
