date,candidate,views
2025-08-20,Gavin Newsom,52613
2025-08-21,Gavin Newsom,66256
2025-08-22,Gavin Newsom,56221
2025-08-23,Gavin Newsom,48747
2025-08-24,Gavin Newsom,43607
2025-08-25,Gavin Newsom,38329
2025-08-26,Gavin Newsom,32472
2025-08-27,Gavin Newsom,23525
2025-08-28,Gavin Newsom,28084
2025-08-29,Gavin Newsom,32625
2025-08-30,Gavin Newsom,27834
2025-08-31,Gavin Newsom,22126
2025-09-01,Gavin Newsom,18524
2025-09-02,Gavin Newsom,16816
2025-09-03,Gavin Newsom,14478
2025-09-04,Gavin Newsom,12800
2025-09-05,Gavin Newsom,14018
2025-09-06,Gavin Newsom,12341
2025-09-07,Gavin Newsom,11612
2025-09-08,Gavin Newsom,10978
2025-09-09,Gavin Newsom,9305
2025-09-10,Gavin Newsom,25204
2025-09-11,Gavin Newsom,20885
2025-09-12,Gavin Newsom,13518
2025-09-13,Gavin Newsom,10787
2025-09-14,Gavin Newsom,10410
2025-09-15,Gavin Newsom,9984
2025-09-16,Gavin Newsom,9946
2025-09-17,Gavin Newsom,10010
2025-09-18,Gavin Newsom,11547
2025-09-19,Gavin Newsom,11140
2025-09-20,Gavin Newsom,11045
2025-09-21,Gavin Newsom,14204
2025-09-22,Gavin Newsom,12056
2025-09-23,Gavin Newsom,17778
2025-09-24,Gavin Newsom,31236
2025-09-25,Gavin Newsom,27059
2025-09-26,Gavin Newsom,17139
2025-09-27,Gavin Newsom,12937
2025-09-28,Gavin Newsom,12387
2025-09-29,Gavin Newsom,10848
2025-09-30,Gavin Newsom,10654
2025-10-01,Gavin Newsom,20744
2025-10-02,Gavin Newsom,14784
2025-10-03,Gavin Newsom,13327
2025-10-04,Gavin Newsom,13689
2025-10-05,Gavin Newsom,12576
2025-10-06,Gavin Newsom,12318
2025-10-07,Gavin Newsom,15079
2025-10-08,Gavin Newsom,13971
2025-10-09,Gavin Newsom,14172
2025-10-10,Gavin Newsom,12579
2025-10-11,Gavin Newsom,12395
2025-10-12,Gavin Newsom,10402
2025-10-13,Gavin Newsom,9038
2025-10-14,Gavin Newsom,9624
2025-10-15,Gavin Newsom,11250
2025-10-16,Gavin Newsom,10385
2025-10-17,Gavin Newsom,9402
2025-10-18,Gavin Newsom,8864
2025-10-19,Gavin Newsom,9809
2025-10-20,Gavin Newsom,9712
2025-10-21,Gavin Newsom,8978
2025-10-22,Gavin Newsom,8955
2025-10-23,Gavin Newsom,10668
2025-10-24,Gavin Newsom,9664
2025-10-25,Gavin Newsom,10742
2025-10-26,Gavin Newsom,40931
2025-10-27,Gavin Newsom,52248
2025-10-28,Gavin Newsom,45004
2025-10-29,Gavin Newsom,22107
2025-10-30,Gavin Newsom,17859
2025-10-31,Gavin Newsom,16059
2025-11-01,Gavin Newsom,11487
2025-11-02,Gavin Newsom,24066
2025-11-03,Gavin Newsom,18265
2025-11-04,Gavin Newsom,22777
2025-11-05,Gavin Newsom,77825
2025-11-06,Gavin Newsom,37840
2025-11-07,Gavin Newsom,20893
2025-11-08,Gavin Newsom,16989
2025-11-09,Gavin Newsom,28419
2025-11-10,Gavin Newsom,24314
2025-11-11,Gavin Newsom,19810
2025-11-12,Gavin Newsom,19087
2025-11-13,Gavin Newsom,14280
2025-11-14,Gavin Newsom,13080
2025-11-15,Gavin Newsom,12771
2025-11-16,Gavin Newsom,11683
2025-11-17,Gavin Newsom,9778
2025-11-18,Gavin Newsom,8612
2025-11-19,Gavin Newsom,10150
2025-11-20,Gavin Newsom,8284
2025-11-21,Gavin Newsom,10333
2025-11-22,Gavin Newsom,8031
2025-11-23,Gavin Newsom,6888
2025-11-24,Gavin Newsom,6656
2025-11-25,Gavin Newsom,6162
2025-11-26,Gavin Newsom,5974
2025-11-27,Gavin Newsom,7768
2025-11-28,Gavin Newsom,6779
2025-11-29,Gavin Newsom,5282
2025-11-30,Gavin Newsom,5670
2025-12-01,Gavin Newsom,4988
2025-12-02,Gavin Newsom,5374
2025-12-03,Gavin Newsom,5606
2025-12-04,Gavin Newsom,8607
2025-12-05,Gavin Newsom,7564
2025-12-06,Gavin Newsom,6250
2025-12-07,Gavin Newsom,6109
2025-12-08,Gavin Newsom,6018
2025-12-09,Gavin Newsom,6231
2025-12-10,Gavin Newsom,10112
2025-12-11,Gavin Newsom,12343
2025-12-12,Gavin Newsom,11493
2025-12-13,Gavin Newsom,9789
2025-12-14,Gavin Newsom,8128
2025-12-15,Gavin Newsom,13950
2025-12-16,Gavin Newsom,13694
2025-12-17,Gavin Newsom,12145
2025-12-18,Gavin Newsom,8966
2025-12-19,Gavin Newsom,8180
2025-12-20,Gavin Newsom,6142
2025-12-21,Gavin Newsom,6185
2025-12-22,Gavin Newsom,6740
2025-12-23,Gavin Newsom,6793
2025-12-24,Gavin Newsom,6822
2025-12-25,Gavin Newsom,8438
2025-12-26,Gavin Newsom,10511
2025-12-27,Gavin Newsom,8524
2025-12-28,Gavin Newsom,8354
2025-12-29,Gavin Newsom,8575
2025-12-30,Gavin Newsom,8867
2025-12-31,Gavin Newsom,8585
2026-01-01,Gavin Newsom,8695
2026-01-02,Gavin Newsom,8104
2026-01-03,Gavin Newsom,7364
2026-01-04,Gavin Newsom,12435
2026-01-05,Gavin Newsom,10054
2026-01-06,Gavin Newsom,9415
2026-01-07,Gavin Newsom,9124
2026-01-08,Gavin Newsom,11942
2026-01-09,Gavin Newsom,13093
2026-01-10,Gavin Newsom,9875
2026-01-11,Gavin Newsom,8668
2026-01-12,Gavin Newsom,9149
2026-01-13,Gavin Newsom,8972
2026-01-14,Gavin Newsom,7852
2026-01-15,Gavin Newsom,7937
2026-01-16,Gavin Newsom,10158
2026-01-17,Gavin Newsom,9837
2026-01-18,Gavin Newsom,9111
2026-01-19,Gavin Newsom,8734
2026-01-20,Gavin Newsom,23521
2026-01-21,Gavin Newsom,31798
2026-01-22,Gavin Newsom,41322
2026-01-23,Gavin Newsom,30557
2026-01-24,Gavin Newsom,21563
2026-01-25,Gavin Newsom,16681
2026-01-26,Gavin Newsom,13560
2026-01-27,Gavin Newsom,12846
2026-01-28,Gavin Newsom,10051
2026-01-29,Gavin Newsom,9841
2026-01-30,Gavin Newsom,9557
2026-01-31,Gavin Newsom,8171
2026-02-01,Gavin Newsom,13290
2026-02-02,Gavin Newsom,16837
2026-02-03,Gavin Newsom,19684
2026-02-04,Gavin Newsom,17815
2026-02-05,Gavin Newsom,19388
2026-02-06,Gavin Newsom,14987
2026-02-07,Gavin Newsom,9624
2026-02-08,Gavin Newsom,10286
2026-02-09,Gavin Newsom,10857
2026-02-10,Gavin Newsom,8673
2026-02-11,Gavin Newsom,8635
2026-02-12,Gavin Newsom,10404
2026-02-13,Gavin Newsom,14844
2026-02-14,Gavin Newsom,12588
2026-02-15,Gavin Newsom,14068
2026-02-16,Gavin Newsom,13707
2026-02-17,Gavin Newsom,14571
2026-02-18,Gavin Newsom,12279
2026-02-19,Gavin Newsom,9979
2026-02-20,Gavin Newsom,9975
2026-02-21,Gavin Newsom,11386
2026-02-22,Gavin Newsom,29281
2026-02-23,Gavin Newsom,43395
2026-02-24,Gavin Newsom,44583
2026-02-25,Gavin Newsom,27922
2026-02-26,Gavin Newsom,30441
2026-02-27,Gavin Newsom,13930
2026-02-28,Gavin Newsom,12177
2026-03-01,Gavin Newsom,9514
2026-03-02,Gavin Newsom,13647
2026-03-03,Gavin Newsom,19049
2026-03-04,Gavin Newsom,37545
2026-03-05,Gavin Newsom,33214
2026-03-06,Gavin Newsom,21657
2026-03-07,Gavin Newsom,18891
2026-03-08,Gavin Newsom,16192
2026-03-09,Gavin Newsom,15358
2026-03-10,Gavin Newsom,13487
2026-03-11,Gavin Newsom,11281
2026-03-12,Gavin Newsom,14617
2026-03-13,Gavin Newsom,11614
2026-03-14,Gavin Newsom,13047
2026-03-15,Gavin Newsom,9550
2026-03-16,Gavin Newsom,9158
2026-03-17,Gavin Newsom,22413
2026-03-18,Gavin Newsom,18823
2026-03-19,Gavin Newsom,13557
2026-03-20,Gavin Newsom,14820
2026-03-21,Gavin Newsom,10980
2026-03-22,Gavin Newsom,9812
2026-03-23,Gavin Newsom,10204
2026-03-24,Gavin Newsom,10905
2026-03-25,Gavin Newsom,11379
2026-03-26,Gavin Newsom,9768
2026-03-27,Gavin Newsom,14328
2026-03-28,Gavin Newsom,12389
2026-03-29,Gavin Newsom,11201
2026-03-30,Gavin Newsom,10821
2026-03-31,Gavin Newsom,9304
2026-04-01,Gavin Newsom,10368
2026-04-02,Gavin Newsom,10343
2026-04-03,Gavin Newsom,9967
2026-04-04,Gavin Newsom,10529
2026-04-05,Gavin Newsom,8796
2026-04-06,Gavin Newsom,12160
2026-04-07,Gavin Newsom,20044
2026-04-08,Gavin Newsom,13261
2026-04-09,Gavin Newsom,9568
2026-04-10,Gavin Newsom,9604
2026-04-11,Gavin Newsom,13386
2026-04-12,Gavin Newsom,11223
2026-04-13,Gavin Newsom,15110
2026-04-14,Gavin Newsom,12277
2026-04-15,Gavin Newsom,12820
2026-04-16,Gavin Newsom,9322
2026-04-17,Gavin Newsom,7683
2026-04-18,Gavin Newsom,8194
2026-04-19,Gavin Newsom,7869
2026-04-20,Gavin Newsom,7589
2026-04-21,Gavin Newsom,8990
2026-04-22,Gavin Newsom,7328
2026-04-23,Gavin Newsom,8693
2026-04-24,Gavin Newsom,6734
2026-04-25,Gavin Newsom,6211
2026-04-26,Gavin Newsom,6200
2026-04-27,Gavin Newsom,5732
2026-04-28,Gavin Newsom,5443
2026-04-29,Gavin Newsom,6382
2026-04-30,Gavin Newsom,5847
2026-05-01,Gavin Newsom,5636
2026-05-02,Gavin Newsom,12229
2026-05-03,Gavin Newsom,13867
2026-05-04,Gavin Newsom,7733
2026-05-05,Gavin Newsom,7392
2026-05-06,Gavin Newsom,8944
2026-05-07,Gavin Newsom,7309
2026-05-08,Gavin Newsom,6391
2026-05-09,Gavin Newsom,6166
2026-05-10,Gavin Newsom,6633
2026-05-11,Gavin Newsom,6143
2026-05-12,Gavin Newsom,5466
2026-05-13,Gavin Newsom,5587
2026-05-14,Gavin Newsom,5745
2026-05-15,Gavin Newsom,6492
2026-05-16,Gavin Newsom,5453
2026-05-17,Gavin Newsom,5740
2026-05-18,Gavin Newsom,6152
2026-05-19,Gavin Newsom,6313
2026-05-20,Gavin Newsom,5996
2026-05-21,Gavin Newsom,7535
2026-05-22,Gavin Newsom,11781
2026-05-23,Gavin Newsom,12519
2026-05-24,Gavin Newsom,9135
2026-05-25,Gavin Newsom,7202
2026-05-26,Gavin Newsom,7299
2026-05-27,Gavin Newsom,6618
2026-05-28,Gavin Newsom,7657
2026-05-29,Gavin Newsom,7459
2026-05-30,Gavin Newsom,6383
2026-05-31,Gavin Newsom,6664
2026-06-01,Gavin Newsom,6653
2026-06-02,Gavin Newsom,10629
2026-06-03,Gavin Newsom,22034
2026-06-04,Gavin Newsom,10749
2026-06-05,Gavin Newsom,8495
2026-06-06,Gavin Newsom,9083
2026-06-07,Gavin Newsom,6718
2026-06-08,Gavin Newsom,6555
2026-06-09,Gavin Newsom,6460
2026-06-10,Gavin Newsom,8465
2026-06-11,Gavin Newsom,4872
2026-06-12,Gavin Newsom,5176
2026-06-13,Gavin Newsom,6340
2026-06-14,Gavin Newsom,5543
2026-06-15,Gavin Newsom,16130
2026-06-16,Gavin Newsom,24867
2026-06-17,Gavin Newsom,8882
2026-06-18,Gavin Newsom,7061
2026-06-19,Gavin Newsom,6067
2026-06-20,Gavin Newsom,5752
2026-06-21,Gavin Newsom,5770
2026-06-22,Gavin Newsom,5717
2026-06-23,Gavin Newsom,4498
2026-06-24,Gavin Newsom,4019
2026-06-25,Gavin Newsom,3813
2026-06-26,Gavin Newsom,4095
2026-06-27,Gavin Newsom,4729
2026-06-28,Gavin Newsom,4209
2026-06-29,Gavin Newsom,4168
2026-06-30,Gavin Newsom,3921
2026-07-01,Gavin Newsom,3741
2026-07-02,Gavin Newsom,3600
2026-07-03,Gavin Newsom,3858
2026-07-04,Gavin Newsom,4114
2026-07-05,Gavin Newsom,4296
2026-07-06,Gavin Newsom,4160
2026-07-07,Gavin Newsom,4458
2026-07-08,Gavin Newsom,3789
2026-07-09,Gavin Newsom,3579
2026-07-10,Gavin Newsom,4135
2026-07-11,Gavin Newsom,4119
2026-07-12,Gavin Newsom,3953
2026-07-13,Gavin Newsom,3720
2026-07-14,Gavin Newsom,3646
2026-07-15,Gavin Newsom,4160
2026-07-16,Gavin Newsom,4856
2026-07-17,Gavin Newsom,5029
2026-07-18,Gavin Newsom,4231
2026-07-19,Gavin Newsom,3594
2026-07-20,Gavin Newsom,3243
2026-07-21,Gavin Newsom,3209
2026-07-22,Gavin Newsom,3684
2026-07-23,Gavin Newsom,4389
2026-07-24,Gavin Newsom,3851
2026-07-25,Gavin Newsom,4463
2026-07-26,Gavin Newsom,4099
2026-07-27,Gavin Newsom,3818
2026-07-28,Gavin Newsom,11679
2026-07-29,Gavin Newsom,16608
2026-07-30,Gavin Newsom,6048
2026-07-31,Gavin Newsom,5773
2026-08-01,Gavin Newsom,4591
2026-08-02,Gavin Newsom,4106
2026-08-03,Gavin Newsom,3848
2026-08-04,Gavin Newsom,3544
2026-08-05,Gavin Newsom,3857
2026-08-06,Gavin Newsom,4050
2026-08-07,Gavin Newsom,3773
2026-08-08,Gavin Newsom,3598
2026-08-09,Gavin Newsom,3863
2026-08-10,Gavin Newsom,4133
2026-08-11,Gavin Newsom,3857
2026-08-12,Gavin Newsom,4048
2026-08-13,Gavin Newsom,3914
2026-08-14,Gavin Newsom,3810
2026-08-15,Gavin Newsom,3659
2026-08-16,Gavin Newsom,3681
2026-08-17,Gavin Newsom,3645
2026-08-18,Gavin Newsom,3631
2026-08-19,Gavin Newsom,3533
2026-08-20,Gavin Newsom,3958
2025-08-20,Alexandria Ocasio-Cortez,4149
2025-08-21,Alexandria Ocasio-Cortez,4912
2025-08-22,Alexandria Ocasio-Cortez,4267
2025-08-23,Alexandria Ocasio-Cortez,4124
2025-08-24,Alexandria Ocasio-Cortez,4840
2025-08-25,Alexandria Ocasio-Cortez,4582
2025-08-26,Alexandria Ocasio-Cortez,4036
2025-08-27,Alexandria Ocasio-Cortez,4192
2025-08-28,Alexandria Ocasio-Cortez,4066
2025-08-29,Alexandria Ocasio-Cortez,4018
2025-08-30,Alexandria Ocasio-Cortez,3756
2025-08-31,Alexandria Ocasio-Cortez,3671
2025-09-01,Alexandria Ocasio-Cortez,3621
2025-09-02,Alexandria Ocasio-Cortez,4830
2025-09-03,Alexandria Ocasio-Cortez,4481
2025-09-04,Alexandria Ocasio-Cortez,4630
2025-09-05,Alexandria Ocasio-Cortez,5038
2025-09-06,Alexandria Ocasio-Cortez,4382
2025-09-07,Alexandria Ocasio-Cortez,4944
2025-09-08,Alexandria Ocasio-Cortez,4216
2025-09-09,Alexandria Ocasio-Cortez,5190
2025-09-10,Alexandria Ocasio-Cortez,6580
2025-09-11,Alexandria Ocasio-Cortez,11630
2025-09-12,Alexandria Ocasio-Cortez,9063
2025-09-13,Alexandria Ocasio-Cortez,6268
2025-09-14,Alexandria Ocasio-Cortez,5714
2025-09-15,Alexandria Ocasio-Cortez,6391
2025-09-16,Alexandria Ocasio-Cortez,6814
2025-09-17,Alexandria Ocasio-Cortez,6610
2025-09-18,Alexandria Ocasio-Cortez,6601
2025-09-19,Alexandria Ocasio-Cortez,21440
2025-09-20,Alexandria Ocasio-Cortez,27605
2025-09-21,Alexandria Ocasio-Cortez,18563
2025-09-22,Alexandria Ocasio-Cortez,18113
2025-09-23,Alexandria Ocasio-Cortez,13483
2025-09-24,Alexandria Ocasio-Cortez,10419
2025-09-25,Alexandria Ocasio-Cortez,9273
2025-09-26,Alexandria Ocasio-Cortez,8168
2025-09-27,Alexandria Ocasio-Cortez,6286
2025-09-28,Alexandria Ocasio-Cortez,6636
2025-09-29,Alexandria Ocasio-Cortez,7954
2025-09-30,Alexandria Ocasio-Cortez,7376
2025-10-01,Alexandria Ocasio-Cortez,17379
2025-10-02,Alexandria Ocasio-Cortez,18535
2025-10-03,Alexandria Ocasio-Cortez,14378
2025-10-04,Alexandria Ocasio-Cortez,13090
2025-10-05,Alexandria Ocasio-Cortez,10151
2025-10-06,Alexandria Ocasio-Cortez,10590
2025-10-07,Alexandria Ocasio-Cortez,15857
2025-10-08,Alexandria Ocasio-Cortez,14315
2025-10-09,Alexandria Ocasio-Cortez,11003
2025-10-10,Alexandria Ocasio-Cortez,8776
2025-10-11,Alexandria Ocasio-Cortez,8126
2025-10-12,Alexandria Ocasio-Cortez,7704
2025-10-13,Alexandria Ocasio-Cortez,7932
2025-10-14,Alexandria Ocasio-Cortez,7752
2025-10-15,Alexandria Ocasio-Cortez,8563
2025-10-16,Alexandria Ocasio-Cortez,33020
2025-10-17,Alexandria Ocasio-Cortez,15480
2025-10-18,Alexandria Ocasio-Cortez,10997
2025-10-19,Alexandria Ocasio-Cortez,9355
2025-10-20,Alexandria Ocasio-Cortez,8182
2025-10-21,Alexandria Ocasio-Cortez,7352
2025-10-22,Alexandria Ocasio-Cortez,7731
2025-10-23,Alexandria Ocasio-Cortez,8166
2025-10-24,Alexandria Ocasio-Cortez,7696
2025-10-25,Alexandria Ocasio-Cortez,7275
2025-10-26,Alexandria Ocasio-Cortez,8822
2025-10-27,Alexandria Ocasio-Cortez,17986
2025-10-28,Alexandria Ocasio-Cortez,20698
2025-10-29,Alexandria Ocasio-Cortez,16905
2025-10-30,Alexandria Ocasio-Cortez,13174
2025-10-31,Alexandria Ocasio-Cortez,10607
2025-11-01,Alexandria Ocasio-Cortez,7895
2025-11-02,Alexandria Ocasio-Cortez,8811
2025-11-03,Alexandria Ocasio-Cortez,9614
2025-11-04,Alexandria Ocasio-Cortez,12636
2025-11-05,Alexandria Ocasio-Cortez,51534
2025-11-06,Alexandria Ocasio-Cortez,29614
2025-11-07,Alexandria Ocasio-Cortez,18831
2025-11-08,Alexandria Ocasio-Cortez,13904
2025-11-09,Alexandria Ocasio-Cortez,11552
2025-11-10,Alexandria Ocasio-Cortez,15766
2025-11-11,Alexandria Ocasio-Cortez,13406
2025-11-12,Alexandria Ocasio-Cortez,11991
2025-11-13,Alexandria Ocasio-Cortez,15391
2025-11-14,Alexandria Ocasio-Cortez,13769
2025-11-15,Alexandria Ocasio-Cortez,8438
2025-11-16,Alexandria Ocasio-Cortez,7602
2025-11-17,Alexandria Ocasio-Cortez,6319
2025-11-18,Alexandria Ocasio-Cortez,7123
2025-11-19,Alexandria Ocasio-Cortez,6045
2025-11-20,Alexandria Ocasio-Cortez,6362
2025-11-21,Alexandria Ocasio-Cortez,7104
2025-11-22,Alexandria Ocasio-Cortez,8971
2025-11-23,Alexandria Ocasio-Cortez,8970
2025-11-24,Alexandria Ocasio-Cortez,8492
2025-11-25,Alexandria Ocasio-Cortez,6746
2025-11-26,Alexandria Ocasio-Cortez,5917
2025-11-27,Alexandria Ocasio-Cortez,5023
2025-11-28,Alexandria Ocasio-Cortez,5489
2025-11-29,Alexandria Ocasio-Cortez,4648
2025-11-30,Alexandria Ocasio-Cortez,4539
2025-12-01,Alexandria Ocasio-Cortez,4368
2025-12-02,Alexandria Ocasio-Cortez,5164
2025-12-03,Alexandria Ocasio-Cortez,5123
2025-12-04,Alexandria Ocasio-Cortez,4647
2025-12-05,Alexandria Ocasio-Cortez,4255
2025-12-06,Alexandria Ocasio-Cortez,3667
2025-12-07,Alexandria Ocasio-Cortez,3701
2025-12-08,Alexandria Ocasio-Cortez,3793
2025-12-09,Alexandria Ocasio-Cortez,4050
2025-12-10,Alexandria Ocasio-Cortez,4255
2025-12-11,Alexandria Ocasio-Cortez,4972
2025-12-12,Alexandria Ocasio-Cortez,4508
2025-12-13,Alexandria Ocasio-Cortez,3754
2025-12-14,Alexandria Ocasio-Cortez,3597
2025-12-15,Alexandria Ocasio-Cortez,3448
2025-12-16,Alexandria Ocasio-Cortez,3829
2025-12-17,Alexandria Ocasio-Cortez,4674
2025-12-18,Alexandria Ocasio-Cortez,7951
2025-12-19,Alexandria Ocasio-Cortez,6412
2025-12-20,Alexandria Ocasio-Cortez,6057
2025-12-21,Alexandria Ocasio-Cortez,5557
2025-12-22,Alexandria Ocasio-Cortez,4427
2025-12-23,Alexandria Ocasio-Cortez,4010
2025-12-24,Alexandria Ocasio-Cortez,3574
2025-12-25,Alexandria Ocasio-Cortez,3441
2025-12-26,Alexandria Ocasio-Cortez,3885
2025-12-27,Alexandria Ocasio-Cortez,4101
2025-12-28,Alexandria Ocasio-Cortez,4078
2025-12-29,Alexandria Ocasio-Cortez,3983
2025-12-30,Alexandria Ocasio-Cortez,7450
2025-12-31,Alexandria Ocasio-Cortez,6164
2026-01-01,Alexandria Ocasio-Cortez,10163
2026-01-02,Alexandria Ocasio-Cortez,11005
2026-01-03,Alexandria Ocasio-Cortez,9880
2026-01-04,Alexandria Ocasio-Cortez,7521
2026-01-05,Alexandria Ocasio-Cortez,5618
2026-01-06,Alexandria Ocasio-Cortez,5554
2026-01-07,Alexandria Ocasio-Cortez,5968
2026-01-08,Alexandria Ocasio-Cortez,8777
2026-01-09,Alexandria Ocasio-Cortez,8006
2026-01-10,Alexandria Ocasio-Cortez,7913
2026-01-11,Alexandria Ocasio-Cortez,7046
2026-01-12,Alexandria Ocasio-Cortez,5404
2026-01-13,Alexandria Ocasio-Cortez,5831
2026-01-14,Alexandria Ocasio-Cortez,5747
2026-01-15,Alexandria Ocasio-Cortez,5064
2026-01-16,Alexandria Ocasio-Cortez,4737
2026-01-17,Alexandria Ocasio-Cortez,5609
2026-01-18,Alexandria Ocasio-Cortez,4912
2026-01-19,Alexandria Ocasio-Cortez,4402
2026-01-20,Alexandria Ocasio-Cortez,4506
2026-01-21,Alexandria Ocasio-Cortez,4949
2026-01-22,Alexandria Ocasio-Cortez,5584
2026-01-23,Alexandria Ocasio-Cortez,6428
2026-01-24,Alexandria Ocasio-Cortez,9541
2026-01-25,Alexandria Ocasio-Cortez,9266
2026-01-26,Alexandria Ocasio-Cortez,6995
2026-01-27,Alexandria Ocasio-Cortez,6620
2026-01-28,Alexandria Ocasio-Cortez,7766
2026-01-29,Alexandria Ocasio-Cortez,6727
2026-01-30,Alexandria Ocasio-Cortez,5707
2026-01-31,Alexandria Ocasio-Cortez,5316
2026-02-01,Alexandria Ocasio-Cortez,4972
2026-02-02,Alexandria Ocasio-Cortez,5021
2026-02-03,Alexandria Ocasio-Cortez,5345
2026-02-04,Alexandria Ocasio-Cortez,5526
2026-02-05,Alexandria Ocasio-Cortez,6784
2026-02-06,Alexandria Ocasio-Cortez,10489
2026-02-07,Alexandria Ocasio-Cortez,7001
2026-02-08,Alexandria Ocasio-Cortez,5920
2026-02-09,Alexandria Ocasio-Cortez,26826
2026-02-10,Alexandria Ocasio-Cortez,10136
2026-02-11,Alexandria Ocasio-Cortez,9184
2026-02-12,Alexandria Ocasio-Cortez,8206
2026-02-13,Alexandria Ocasio-Cortez,11955
2026-02-14,Alexandria Ocasio-Cortez,15210
2026-02-15,Alexandria Ocasio-Cortez,15895
2026-02-16,Alexandria Ocasio-Cortez,18666
2026-02-17,Alexandria Ocasio-Cortez,29817
2026-02-18,Alexandria Ocasio-Cortez,24752
2026-02-19,Alexandria Ocasio-Cortez,16083
2026-02-20,Alexandria Ocasio-Cortez,11553
2026-02-21,Alexandria Ocasio-Cortez,9237
2026-02-22,Alexandria Ocasio-Cortez,10259
2026-02-23,Alexandria Ocasio-Cortez,11625
2026-02-24,Alexandria Ocasio-Cortez,10275
2026-02-25,Alexandria Ocasio-Cortez,14963
2026-02-26,Alexandria Ocasio-Cortez,11571
2026-02-27,Alexandria Ocasio-Cortez,8374
2026-02-28,Alexandria Ocasio-Cortez,6845
2026-03-01,Alexandria Ocasio-Cortez,7188
2026-03-02,Alexandria Ocasio-Cortez,12437
2026-03-03,Alexandria Ocasio-Cortez,7292
2026-03-04,Alexandria Ocasio-Cortez,7323
2026-03-05,Alexandria Ocasio-Cortez,6721
2026-03-06,Alexandria Ocasio-Cortez,7741
2026-03-07,Alexandria Ocasio-Cortez,7474
2026-03-08,Alexandria Ocasio-Cortez,8842
2026-03-09,Alexandria Ocasio-Cortez,8400
2026-03-10,Alexandria Ocasio-Cortez,5947
2026-03-11,Alexandria Ocasio-Cortez,5025
2026-03-12,Alexandria Ocasio-Cortez,4463
2026-03-13,Alexandria Ocasio-Cortez,4346
2026-03-14,Alexandria Ocasio-Cortez,4087
2026-03-15,Alexandria Ocasio-Cortez,4103
2026-03-16,Alexandria Ocasio-Cortez,5334
2026-03-17,Alexandria Ocasio-Cortez,4972
2026-03-18,Alexandria Ocasio-Cortez,4709
2026-03-19,Alexandria Ocasio-Cortez,4890
2026-03-20,Alexandria Ocasio-Cortez,4594
2026-03-21,Alexandria Ocasio-Cortez,3943
2026-03-22,Alexandria Ocasio-Cortez,4132
2026-03-23,Alexandria Ocasio-Cortez,4027
2026-03-24,Alexandria Ocasio-Cortez,4541
2026-03-25,Alexandria Ocasio-Cortez,4866
2026-03-26,Alexandria Ocasio-Cortez,6052
2026-03-27,Alexandria Ocasio-Cortez,7484
2026-03-28,Alexandria Ocasio-Cortez,5340
2026-03-29,Alexandria Ocasio-Cortez,5776
2026-03-30,Alexandria Ocasio-Cortez,5411
2026-03-31,Alexandria Ocasio-Cortez,4814
2026-04-01,Alexandria Ocasio-Cortez,4926
2026-04-02,Alexandria Ocasio-Cortez,6248
2026-04-03,Alexandria Ocasio-Cortez,4849
2026-04-04,Alexandria Ocasio-Cortez,3956
2026-04-05,Alexandria Ocasio-Cortez,4282
2026-04-06,Alexandria Ocasio-Cortez,4195
2026-04-07,Alexandria Ocasio-Cortez,4851
2026-04-08,Alexandria Ocasio-Cortez,5206
2026-04-09,Alexandria Ocasio-Cortez,4416
2026-04-10,Alexandria Ocasio-Cortez,4502
2026-04-11,Alexandria Ocasio-Cortez,4350
2026-04-12,Alexandria Ocasio-Cortez,4060
2026-04-13,Alexandria Ocasio-Cortez,4818
2026-04-14,Alexandria Ocasio-Cortez,4626
2026-04-15,Alexandria Ocasio-Cortez,4611
2026-04-16,Alexandria Ocasio-Cortez,5305
2026-04-17,Alexandria Ocasio-Cortez,4685
2026-04-18,Alexandria Ocasio-Cortez,4151
2026-04-19,Alexandria Ocasio-Cortez,4233
2026-04-20,Alexandria Ocasio-Cortez,4672
2026-04-21,Alexandria Ocasio-Cortez,4488
2026-04-22,Alexandria Ocasio-Cortez,6798
2026-04-23,Alexandria Ocasio-Cortez,7155
2026-04-24,Alexandria Ocasio-Cortez,5663
2026-04-25,Alexandria Ocasio-Cortez,4581
2026-04-26,Alexandria Ocasio-Cortez,3987
2026-04-27,Alexandria Ocasio-Cortez,3977
2026-04-28,Alexandria Ocasio-Cortez,4074
2026-04-29,Alexandria Ocasio-Cortez,4422
2026-04-30,Alexandria Ocasio-Cortez,6498
2026-05-01,Alexandria Ocasio-Cortez,5806
2026-05-02,Alexandria Ocasio-Cortez,5223
2026-05-03,Alexandria Ocasio-Cortez,4657
2026-05-04,Alexandria Ocasio-Cortez,4310
2026-05-05,Alexandria Ocasio-Cortez,3983
2026-05-06,Alexandria Ocasio-Cortez,3906
2026-05-07,Alexandria Ocasio-Cortez,4675
2026-05-08,Alexandria Ocasio-Cortez,8350
2026-05-09,Alexandria Ocasio-Cortez,11883
2026-05-10,Alexandria Ocasio-Cortez,10275
2026-05-11,Alexandria Ocasio-Cortez,14362
2026-05-12,Alexandria Ocasio-Cortez,13026
2026-05-13,Alexandria Ocasio-Cortez,12974
2026-05-14,Alexandria Ocasio-Cortez,8876
2026-05-15,Alexandria Ocasio-Cortez,7045
2026-05-16,Alexandria Ocasio-Cortez,6737
2026-05-17,Alexandria Ocasio-Cortez,8368
2026-05-18,Alexandria Ocasio-Cortez,7374
2026-05-19,Alexandria Ocasio-Cortez,7040
2026-05-20,Alexandria Ocasio-Cortez,7648
2026-05-21,Alexandria Ocasio-Cortez,7280
2026-05-22,Alexandria Ocasio-Cortez,8077
2026-05-23,Alexandria Ocasio-Cortez,6791
2026-05-24,Alexandria Ocasio-Cortez,6848
2026-05-25,Alexandria Ocasio-Cortez,8397
2026-05-26,Alexandria Ocasio-Cortez,8223
2026-05-27,Alexandria Ocasio-Cortez,6824
2026-05-28,Alexandria Ocasio-Cortez,8288
2026-05-29,Alexandria Ocasio-Cortez,9074
2026-05-30,Alexandria Ocasio-Cortez,6025
2026-05-31,Alexandria Ocasio-Cortez,5194
2026-06-01,Alexandria Ocasio-Cortez,5065
2026-06-02,Alexandria Ocasio-Cortez,4786
2026-06-03,Alexandria Ocasio-Cortez,5184
2026-06-04,Alexandria Ocasio-Cortez,4600
2026-06-05,Alexandria Ocasio-Cortez,4418
2026-06-06,Alexandria Ocasio-Cortez,4341
2026-06-07,Alexandria Ocasio-Cortez,4301
2026-06-08,Alexandria Ocasio-Cortez,4360
2026-06-09,Alexandria Ocasio-Cortez,5876
2026-06-10,Alexandria Ocasio-Cortez,5464
2026-06-11,Alexandria Ocasio-Cortez,6731
2026-06-12,Alexandria Ocasio-Cortez,4560
2026-06-13,Alexandria Ocasio-Cortez,4752
2026-06-14,Alexandria Ocasio-Cortez,8072
2026-06-15,Alexandria Ocasio-Cortez,7852
2026-06-16,Alexandria Ocasio-Cortez,5402
2026-06-17,Alexandria Ocasio-Cortez,4217
2026-06-18,Alexandria Ocasio-Cortez,4225
2026-06-19,Alexandria Ocasio-Cortez,4393
2026-06-20,Alexandria Ocasio-Cortez,3696
2026-06-21,Alexandria Ocasio-Cortez,3828
2026-06-22,Alexandria Ocasio-Cortez,4054
2026-06-23,Alexandria Ocasio-Cortez,4383
2026-06-24,Alexandria Ocasio-Cortez,11261
2026-06-25,Alexandria Ocasio-Cortez,8206
2026-06-26,Alexandria Ocasio-Cortez,6567
2026-06-27,Alexandria Ocasio-Cortez,14891
2026-06-28,Alexandria Ocasio-Cortez,7058
2026-06-29,Alexandria Ocasio-Cortez,5849
2026-06-30,Alexandria Ocasio-Cortez,5498
2026-07-01,Alexandria Ocasio-Cortez,12747
2026-07-02,Alexandria Ocasio-Cortez,10648
2026-07-03,Alexandria Ocasio-Cortez,8219
2026-07-04,Alexandria Ocasio-Cortez,7178
2026-07-05,Alexandria Ocasio-Cortez,5928
2026-07-06,Alexandria Ocasio-Cortez,5309
2026-07-07,Alexandria Ocasio-Cortez,5280
2026-07-08,Alexandria Ocasio-Cortez,5953
2026-07-09,Alexandria Ocasio-Cortez,5440
2026-07-10,Alexandria Ocasio-Cortez,4815
2026-07-11,Alexandria Ocasio-Cortez,4351
2026-07-12,Alexandria Ocasio-Cortez,5101
2026-07-13,Alexandria Ocasio-Cortez,5340
2026-07-14,Alexandria Ocasio-Cortez,6849
2026-07-15,Alexandria Ocasio-Cortez,7018
2026-07-16,Alexandria Ocasio-Cortez,7737
2026-07-17,Alexandria Ocasio-Cortez,6461
2026-07-18,Alexandria Ocasio-Cortez,6781
2026-07-19,Alexandria Ocasio-Cortez,6872
2026-07-20,Alexandria Ocasio-Cortez,9276
2026-07-21,Alexandria Ocasio-Cortez,8781
2026-07-22,Alexandria Ocasio-Cortez,7964
2026-07-23,Alexandria Ocasio-Cortez,19250
2026-07-24,Alexandria Ocasio-Cortez,15715
2026-07-25,Alexandria Ocasio-Cortez,12591
2026-07-26,Alexandria Ocasio-Cortez,9853
2026-07-27,Alexandria Ocasio-Cortez,8878
2026-07-28,Alexandria Ocasio-Cortez,8011
2026-07-29,Alexandria Ocasio-Cortez,6941
2026-07-30,Alexandria Ocasio-Cortez,6271
2026-07-31,Alexandria Ocasio-Cortez,6932
2026-08-01,Alexandria Ocasio-Cortez,6137
2026-08-02,Alexandria Ocasio-Cortez,6216
2026-08-03,Alexandria Ocasio-Cortez,7247
2026-08-04,Alexandria Ocasio-Cortez,7585
2026-08-05,Alexandria Ocasio-Cortez,9345
2026-08-06,Alexandria Ocasio-Cortez,7445
2026-08-07,Alexandria Ocasio-Cortez,6749
2026-08-08,Alexandria Ocasio-Cortez,6769
2026-08-09,Alexandria Ocasio-Cortez,38830
2026-08-10,Alexandria Ocasio-Cortez,59147
2026-08-11,Alexandria Ocasio-Cortez,38340
2026-08-12,Alexandria Ocasio-Cortez,55142
2026-08-13,Alexandria Ocasio-Cortez,46531
2026-08-14,Alexandria Ocasio-Cortez,31560
2026-08-15,Alexandria Ocasio-Cortez,32705
2026-08-16,Alexandria Ocasio-Cortez,22510
2026-08-17,Alexandria Ocasio-Cortez,15577
2026-08-18,Alexandria Ocasio-Cortez,12600
2026-08-19,Alexandria Ocasio-Cortez,11648
2026-08-20,Alexandria Ocasio-Cortez,9618
2025-08-20,Jon Ossoff,2140
2025-08-21,Jon Ossoff,2637
2025-08-22,Jon Ossoff,2081
2025-08-23,Jon Ossoff,2088
2025-08-24,Jon Ossoff,1691
2025-08-25,Jon Ossoff,1324
2025-08-26,Jon Ossoff,1344
2025-08-27,Jon Ossoff,1752
2025-08-28,Jon Ossoff,1718
2025-08-29,Jon Ossoff,1815
2025-08-30,Jon Ossoff,1355
2025-08-31,Jon Ossoff,1381
2025-09-01,Jon Ossoff,1300
2025-09-02,Jon Ossoff,1238
2025-09-03,Jon Ossoff,1336
2025-09-04,Jon Ossoff,3437
2025-09-05,Jon Ossoff,1955
2025-09-06,Jon Ossoff,1500
2025-09-07,Jon Ossoff,1754
2025-09-08,Jon Ossoff,1819
2025-09-09,Jon Ossoff,1604
2025-09-10,Jon Ossoff,1599
2025-09-11,Jon Ossoff,1367
2025-09-12,Jon Ossoff,1429
2025-09-13,Jon Ossoff,1358
2025-09-14,Jon Ossoff,1500
2025-09-15,Jon Ossoff,1556
2025-09-16,Jon Ossoff,1733
2025-09-17,Jon Ossoff,2037
2025-09-18,Jon Ossoff,1839
2025-09-19,Jon Ossoff,2143
2025-09-20,Jon Ossoff,2027
2025-09-21,Jon Ossoff,1808
2025-09-22,Jon Ossoff,1642
2025-09-23,Jon Ossoff,2110
2025-09-24,Jon Ossoff,2240
2025-09-25,Jon Ossoff,2189
2025-09-26,Jon Ossoff,3447
2025-09-27,Jon Ossoff,3261
2025-09-28,Jon Ossoff,2384
2025-09-29,Jon Ossoff,2762
2025-09-30,Jon Ossoff,2654
2025-10-01,Jon Ossoff,2398
2025-10-02,Jon Ossoff,1823
2025-10-03,Jon Ossoff,1676
2025-10-04,Jon Ossoff,1435
2025-10-05,Jon Ossoff,1401
2025-10-06,Jon Ossoff,1486
2025-10-07,Jon Ossoff,1804
2025-10-08,Jon Ossoff,1817
2025-10-09,Jon Ossoff,2034
2025-10-10,Jon Ossoff,1550
2025-10-11,Jon Ossoff,1602
2025-10-12,Jon Ossoff,1845
2025-10-13,Jon Ossoff,2176
2025-10-14,Jon Ossoff,1833
2025-10-15,Jon Ossoff,2077
2025-10-16,Jon Ossoff,2454
2025-10-17,Jon Ossoff,1816
2025-10-18,Jon Ossoff,1530
2025-10-19,Jon Ossoff,1417
2025-10-20,Jon Ossoff,1863
2025-10-21,Jon Ossoff,1495
2025-10-22,Jon Ossoff,1953
2025-10-23,Jon Ossoff,1942
2025-10-24,Jon Ossoff,1804
2025-10-25,Jon Ossoff,1536
2025-10-26,Jon Ossoff,1402
2025-10-27,Jon Ossoff,1593
2025-10-28,Jon Ossoff,1401
2025-10-29,Jon Ossoff,1505
2025-10-30,Jon Ossoff,1724
2025-10-31,Jon Ossoff,1493
2025-11-01,Jon Ossoff,1346
2025-11-02,Jon Ossoff,1378
2025-11-03,Jon Ossoff,1664
2025-11-04,Jon Ossoff,2048
2025-11-05,Jon Ossoff,7884
2025-11-06,Jon Ossoff,4778
2025-11-07,Jon Ossoff,3391
2025-11-08,Jon Ossoff,2758
2025-11-09,Jon Ossoff,2440
2025-11-10,Jon Ossoff,5320
2025-11-11,Jon Ossoff,3328
2025-11-12,Jon Ossoff,2146
2025-11-13,Jon Ossoff,2255
2025-11-14,Jon Ossoff,3070
2025-11-15,Jon Ossoff,1980
2025-11-16,Jon Ossoff,1808
2025-11-17,Jon Ossoff,1952
2025-11-18,Jon Ossoff,1600
2025-11-19,Jon Ossoff,1412
2025-11-20,Jon Ossoff,1361
2025-11-21,Jon Ossoff,1421
2025-11-22,Jon Ossoff,3792
2025-11-23,Jon Ossoff,1495
2025-11-24,Jon Ossoff,1571
2025-11-25,Jon Ossoff,1402
2025-11-26,Jon Ossoff,1099
2025-11-27,Jon Ossoff,1144
2025-11-28,Jon Ossoff,1648
2025-11-29,Jon Ossoff,1157
2025-11-30,Jon Ossoff,1162
2025-12-01,Jon Ossoff,1381
2025-12-02,Jon Ossoff,1276
2025-12-03,Jon Ossoff,1270
2025-12-04,Jon Ossoff,1149
2025-12-05,Jon Ossoff,1027
2025-12-06,Jon Ossoff,1041
2025-12-07,Jon Ossoff,1011
2025-12-08,Jon Ossoff,1034
2025-12-09,Jon Ossoff,2118
2025-12-10,Jon Ossoff,1759
2025-12-11,Jon Ossoff,3189
2025-12-12,Jon Ossoff,1435
2025-12-13,Jon Ossoff,1182
2025-12-14,Jon Ossoff,1652
2025-12-15,Jon Ossoff,1172
2025-12-16,Jon Ossoff,929
2025-12-17,Jon Ossoff,974
2025-12-18,Jon Ossoff,1013
2025-12-19,Jon Ossoff,1276
2025-12-20,Jon Ossoff,997
2025-12-21,Jon Ossoff,967
2025-12-22,Jon Ossoff,1020
2025-12-23,Jon Ossoff,1254
2025-12-24,Jon Ossoff,956
2025-12-25,Jon Ossoff,1148
2025-12-26,Jon Ossoff,997
2025-12-27,Jon Ossoff,1202
2025-12-28,Jon Ossoff,1292
2025-12-29,Jon Ossoff,1138
2025-12-30,Jon Ossoff,1149
2025-12-31,Jon Ossoff,970
2026-01-01,Jon Ossoff,1064
2026-01-02,Jon Ossoff,1034
2026-01-03,Jon Ossoff,1008
2026-01-04,Jon Ossoff,859
2026-01-05,Jon Ossoff,941
2026-01-06,Jon Ossoff,1366
2026-01-07,Jon Ossoff,1318
2026-01-08,Jon Ossoff,1362
2026-01-09,Jon Ossoff,1330
2026-01-10,Jon Ossoff,1211
2026-01-11,Jon Ossoff,1148
2026-01-12,Jon Ossoff,1174
2026-01-13,Jon Ossoff,1105
2026-01-14,Jon Ossoff,2500
2026-01-15,Jon Ossoff,1454
2026-01-16,Jon Ossoff,1273
2026-01-17,Jon Ossoff,1282
2026-01-18,Jon Ossoff,1289
2026-01-19,Jon Ossoff,1283
2026-01-20,Jon Ossoff,1646
2026-01-21,Jon Ossoff,1762
2026-01-22,Jon Ossoff,1769
2026-01-23,Jon Ossoff,1390
2026-01-24,Jon Ossoff,1075
2026-01-25,Jon Ossoff,1608
2026-01-26,Jon Ossoff,2032
2026-01-27,Jon Ossoff,2145
2026-01-28,Jon Ossoff,2168
2026-01-29,Jon Ossoff,4644
2026-01-30,Jon Ossoff,1997
2026-01-31,Jon Ossoff,1500
2026-02-01,Jon Ossoff,1683
2026-02-02,Jon Ossoff,1523
2026-02-03,Jon Ossoff,1263
2026-02-04,Jon Ossoff,1489
2026-02-05,Jon Ossoff,1421
2026-02-06,Jon Ossoff,1352
2026-02-07,Jon Ossoff,3491
2026-02-08,Jon Ossoff,29943
2026-02-09,Jon Ossoff,17646
2026-02-10,Jon Ossoff,20889
2026-02-11,Jon Ossoff,9225
2026-02-12,Jon Ossoff,5758
2026-02-13,Jon Ossoff,6273
2026-02-14,Jon Ossoff,5375
2026-02-15,Jon Ossoff,6757
2026-02-16,Jon Ossoff,6967
2026-02-17,Jon Ossoff,10737
2026-02-18,Jon Ossoff,7264
2026-02-19,Jon Ossoff,28169
2026-02-20,Jon Ossoff,17467
2026-02-21,Jon Ossoff,8883
2026-02-22,Jon Ossoff,6515
2026-02-23,Jon Ossoff,5676
2026-02-24,Jon Ossoff,4389
2026-02-25,Jon Ossoff,4244
2026-02-26,Jon Ossoff,3767
2026-02-27,Jon Ossoff,3378
2026-02-28,Jon Ossoff,2551
2026-03-01,Jon Ossoff,2765
2026-03-02,Jon Ossoff,2460
2026-03-03,Jon Ossoff,3459
2026-03-04,Jon Ossoff,4798
2026-03-05,Jon Ossoff,10120
2026-03-06,Jon Ossoff,4048
2026-03-07,Jon Ossoff,3045
2026-03-08,Jon Ossoff,2426
2026-03-09,Jon Ossoff,2360
2026-03-10,Jon Ossoff,2536
2026-03-11,Jon Ossoff,2620
2026-03-12,Jon Ossoff,3660
2026-03-13,Jon Ossoff,2215
2026-03-14,Jon Ossoff,3449
2026-03-15,Jon Ossoff,2881
2026-03-16,Jon Ossoff,2350
2026-03-17,Jon Ossoff,2788
2026-03-18,Jon Ossoff,9994
2026-03-19,Jon Ossoff,14056
2026-03-20,Jon Ossoff,10215
2026-03-21,Jon Ossoff,5124
2026-03-22,Jon Ossoff,3910
2026-03-23,Jon Ossoff,5894
2026-03-24,Jon Ossoff,5718
2026-03-25,Jon Ossoff,4465
2026-03-26,Jon Ossoff,3103
2026-03-27,Jon Ossoff,2745
2026-03-28,Jon Ossoff,2900
2026-03-29,Jon Ossoff,3293
2026-03-30,Jon Ossoff,2943
2026-03-31,Jon Ossoff,3293
2026-04-01,Jon Ossoff,3877
2026-04-02,Jon Ossoff,3968
2026-04-03,Jon Ossoff,3680
2026-04-04,Jon Ossoff,2982
2026-04-05,Jon Ossoff,3391
2026-04-06,Jon Ossoff,2873
2026-04-07,Jon Ossoff,2867
2026-04-08,Jon Ossoff,2992
2026-04-09,Jon Ossoff,2301
2026-04-10,Jon Ossoff,2779
2026-04-11,Jon Ossoff,2476
2026-04-12,Jon Ossoff,2872
2026-04-13,Jon Ossoff,5239
2026-04-14,Jon Ossoff,5086
2026-04-15,Jon Ossoff,3745
2026-04-16,Jon Ossoff,3554
2026-04-17,Jon Ossoff,2596
2026-04-18,Jon Ossoff,6041
2026-04-19,Jon Ossoff,15816
2026-04-20,Jon Ossoff,14592
2026-04-21,Jon Ossoff,16023
2026-04-22,Jon Ossoff,6775
2026-04-23,Jon Ossoff,10335
2026-04-24,Jon Ossoff,3195
2026-04-25,Jon Ossoff,2895
2026-04-26,Jon Ossoff,4735
2026-04-27,Jon Ossoff,4647
2026-04-28,Jon Ossoff,3432
2026-04-29,Jon Ossoff,2699
2026-04-30,Jon Ossoff,5278
2026-05-01,Jon Ossoff,4914
2026-05-02,Jon Ossoff,3272
2026-05-03,Jon Ossoff,3208
2026-05-04,Jon Ossoff,2934
2026-05-05,Jon Ossoff,2664
2026-05-06,Jon Ossoff,2689
2026-05-07,Jon Ossoff,2354
2026-05-08,Jon Ossoff,2031
2026-05-09,Jon Ossoff,1837
2026-05-10,Jon Ossoff,2002
2026-05-11,Jon Ossoff,2012
2026-05-12,Jon Ossoff,2036
2026-05-13,Jon Ossoff,2457
2026-05-14,Jon Ossoff,2267
2026-05-15,Jon Ossoff,1961
2026-05-16,Jon Ossoff,1786
2026-05-17,Jon Ossoff,2223
2026-05-18,Jon Ossoff,3764
2026-05-19,Jon Ossoff,5020
2026-05-20,Jon Ossoff,7945
2026-05-21,Jon Ossoff,5692
2026-05-22,Jon Ossoff,4011
2026-05-23,Jon Ossoff,3730
2026-05-24,Jon Ossoff,3481
2026-05-25,Jon Ossoff,4807
2026-05-26,Jon Ossoff,3027
2026-05-27,Jon Ossoff,3107
2026-05-28,Jon Ossoff,2523
2026-05-29,Jon Ossoff,2153
2026-05-30,Jon Ossoff,1940
2026-05-31,Jon Ossoff,4862
2026-06-01,Jon Ossoff,28496
2026-06-02,Jon Ossoff,29904
2026-06-03,Jon Ossoff,13240
2026-06-04,Jon Ossoff,10968
2026-06-05,Jon Ossoff,8223
2026-06-06,Jon Ossoff,10127
2026-06-07,Jon Ossoff,7011
2026-06-08,Jon Ossoff,32357
2026-06-09,Jon Ossoff,17688
2026-06-10,Jon Ossoff,8222
2026-06-11,Jon Ossoff,6718
2026-06-12,Jon Ossoff,9501
2026-06-13,Jon Ossoff,9851
2026-06-14,Jon Ossoff,11345
2026-06-15,Jon Ossoff,9034
2026-06-16,Jon Ossoff,15171
2026-06-17,Jon Ossoff,31993
2026-06-18,Jon Ossoff,17746
2026-06-19,Jon Ossoff,8943
2026-06-20,Jon Ossoff,7265
2026-06-21,Jon Ossoff,6912
2026-06-22,Jon Ossoff,8321
2026-06-23,Jon Ossoff,6617
2026-06-24,Jon Ossoff,8379
2026-06-25,Jon Ossoff,8277
2026-06-26,Jon Ossoff,7400
2026-06-27,Jon Ossoff,8196
2026-06-28,Jon Ossoff,14262
2026-06-29,Jon Ossoff,16131
2026-06-30,Jon Ossoff,16831
2026-07-01,Jon Ossoff,10048
2026-07-02,Jon Ossoff,9399
2026-07-03,Jon Ossoff,7582
2026-07-04,Jon Ossoff,6142
2026-07-05,Jon Ossoff,6307
2026-07-06,Jon Ossoff,5484
2026-07-07,Jon Ossoff,5452
2026-07-08,Jon Ossoff,5370
2026-07-09,Jon Ossoff,5471
2026-07-10,Jon Ossoff,4811
2026-07-11,Jon Ossoff,3902
2026-07-12,Jon Ossoff,4524
2026-07-13,Jon Ossoff,5791
2026-07-14,Jon Ossoff,14881
2026-07-15,Jon Ossoff,30977
2026-07-16,Jon Ossoff,49794
2026-07-17,Jon Ossoff,43469
2026-07-18,Jon Ossoff,20518
2026-07-19,Jon Ossoff,17542
2026-07-20,Jon Ossoff,12670
2026-07-21,Jon Ossoff,14285
2026-07-22,Jon Ossoff,39709
2026-07-23,Jon Ossoff,39319
2026-07-24,Jon Ossoff,31547
2026-07-25,Jon Ossoff,22771
2026-07-26,Jon Ossoff,18141
2026-07-27,Jon Ossoff,20816
2026-07-28,Jon Ossoff,18608
2026-07-29,Jon Ossoff,14556
2026-07-30,Jon Ossoff,12259
2026-07-31,Jon Ossoff,14416
2026-08-01,Jon Ossoff,17543
2026-08-02,Jon Ossoff,11996
2026-08-03,Jon Ossoff,11124
2026-08-04,Jon Ossoff,9103
2026-08-05,Jon Ossoff,9680
2026-08-06,Jon Ossoff,10436
2026-08-07,Jon Ossoff,10841
2026-08-08,Jon Ossoff,8162
2026-08-09,Jon Ossoff,8761
2026-08-10,Jon Ossoff,10690
2026-08-11,Jon Ossoff,8886
2026-08-12,Jon Ossoff,7899
2026-08-13,Jon Ossoff,13453
2026-08-14,Jon Ossoff,9020
2026-08-15,Jon Ossoff,7136
2026-08-16,Jon Ossoff,9144
2026-08-17,Jon Ossoff,52243
2026-08-18,Jon Ossoff,99491
2026-08-19,Jon Ossoff,66422
2026-08-20,Jon Ossoff,56858
2025-08-20,Pete Buttigieg,3726
2025-08-21,Pete Buttigieg,3312
2025-08-22,Pete Buttigieg,3030
2025-08-23,Pete Buttigieg,2749
2025-08-24,Pete Buttigieg,2696
2025-08-25,Pete Buttigieg,2595
2025-08-26,Pete Buttigieg,2820
2025-08-27,Pete Buttigieg,2756
2025-08-28,Pete Buttigieg,2957
2025-08-29,Pete Buttigieg,3079
2025-08-30,Pete Buttigieg,2724
2025-08-31,Pete Buttigieg,2675
2025-09-01,Pete Buttigieg,2514
2025-09-02,Pete Buttigieg,2242
2025-09-03,Pete Buttigieg,2410
2025-09-04,Pete Buttigieg,3562
2025-09-05,Pete Buttigieg,4714
2025-09-06,Pete Buttigieg,3575
2025-09-07,Pete Buttigieg,3450
2025-09-08,Pete Buttigieg,3309
2025-09-09,Pete Buttigieg,3026
2025-09-10,Pete Buttigieg,2723
2025-09-11,Pete Buttigieg,3456
2025-09-12,Pete Buttigieg,2962
2025-09-13,Pete Buttigieg,2684
2025-09-14,Pete Buttigieg,5535
2025-09-15,Pete Buttigieg,4729
2025-09-16,Pete Buttigieg,3889
2025-09-17,Pete Buttigieg,3994
2025-09-18,Pete Buttigieg,12119
2025-09-19,Pete Buttigieg,11545
2025-09-20,Pete Buttigieg,7918
2025-09-21,Pete Buttigieg,6300
2025-09-22,Pete Buttigieg,4860
2025-09-23,Pete Buttigieg,9480
2025-09-24,Pete Buttigieg,8782
2025-09-25,Pete Buttigieg,7124
2025-09-26,Pete Buttigieg,5609
2025-09-27,Pete Buttigieg,4558
2025-09-28,Pete Buttigieg,4352
2025-09-29,Pete Buttigieg,3981
2025-09-30,Pete Buttigieg,3859
2025-10-01,Pete Buttigieg,11997
2025-10-02,Pete Buttigieg,12820
2025-10-03,Pete Buttigieg,8121
2025-10-04,Pete Buttigieg,6007
2025-10-05,Pete Buttigieg,5016
2025-10-06,Pete Buttigieg,4708
2025-10-07,Pete Buttigieg,3960
2025-10-08,Pete Buttigieg,3691
2025-10-09,Pete Buttigieg,3291
2025-10-10,Pete Buttigieg,2952
2025-10-11,Pete Buttigieg,3045
2025-10-12,Pete Buttigieg,3005
2025-10-13,Pete Buttigieg,2815
2025-10-14,Pete Buttigieg,4414
2025-10-15,Pete Buttigieg,3834
2025-10-16,Pete Buttigieg,3429
2025-10-17,Pete Buttigieg,3188
2025-10-18,Pete Buttigieg,2720
2025-10-19,Pete Buttigieg,3026
2025-10-20,Pete Buttigieg,2689
2025-10-21,Pete Buttigieg,2955
2025-10-22,Pete Buttigieg,4168
2025-10-23,Pete Buttigieg,3971
2025-10-24,Pete Buttigieg,3677
2025-10-25,Pete Buttigieg,4274
2025-10-26,Pete Buttigieg,4389
2025-10-27,Pete Buttigieg,3886
2025-10-28,Pete Buttigieg,4379
2025-10-29,Pete Buttigieg,4189
2025-10-30,Pete Buttigieg,5280
2025-10-31,Pete Buttigieg,5288
2025-11-01,Pete Buttigieg,4413
2025-11-02,Pete Buttigieg,4487
2025-11-03,Pete Buttigieg,4287
2025-11-04,Pete Buttigieg,4412
2025-11-05,Pete Buttigieg,7945
2025-11-06,Pete Buttigieg,6054
2025-11-07,Pete Buttigieg,5052
2025-11-08,Pete Buttigieg,4721
2025-11-09,Pete Buttigieg,4557
2025-11-10,Pete Buttigieg,4792
2025-11-11,Pete Buttigieg,6342
2025-11-12,Pete Buttigieg,5153
2025-11-13,Pete Buttigieg,3812
2025-11-14,Pete Buttigieg,4048
2025-11-15,Pete Buttigieg,5019
2025-11-16,Pete Buttigieg,4581
2025-11-17,Pete Buttigieg,3616
2025-11-18,Pete Buttigieg,2992
2025-11-19,Pete Buttigieg,2905
2025-11-20,Pete Buttigieg,2468
2025-11-21,Pete Buttigieg,2651
2025-11-22,Pete Buttigieg,3358
2025-11-23,Pete Buttigieg,2903
2025-11-24,Pete Buttigieg,2859
2025-11-25,Pete Buttigieg,3613
2025-11-26,Pete Buttigieg,4004
2025-11-27,Pete Buttigieg,2986
2025-11-28,Pete Buttigieg,2713
2025-11-29,Pete Buttigieg,2843
2025-11-30,Pete Buttigieg,2741
2025-12-01,Pete Buttigieg,2665
2025-12-02,Pete Buttigieg,2485
2025-12-03,Pete Buttigieg,2690
2025-12-04,Pete Buttigieg,4724
2025-12-05,Pete Buttigieg,3677
2025-12-06,Pete Buttigieg,2804
2025-12-07,Pete Buttigieg,2856
2025-12-08,Pete Buttigieg,2723
2025-12-09,Pete Buttigieg,2746
2025-12-10,Pete Buttigieg,2882
2025-12-11,Pete Buttigieg,7853
2025-12-12,Pete Buttigieg,7620
2025-12-13,Pete Buttigieg,4222
2025-12-14,Pete Buttigieg,3223
2025-12-15,Pete Buttigieg,2906
2025-12-16,Pete Buttigieg,2686
2025-12-17,Pete Buttigieg,2736
2025-12-18,Pete Buttigieg,3244
2025-12-19,Pete Buttigieg,2604
2025-12-20,Pete Buttigieg,2482
2025-12-21,Pete Buttigieg,2613
2025-12-22,Pete Buttigieg,4272
2025-12-23,Pete Buttigieg,4780
2025-12-24,Pete Buttigieg,3032
2025-12-25,Pete Buttigieg,2579
2025-12-26,Pete Buttigieg,2704
2025-12-27,Pete Buttigieg,3021
2025-12-28,Pete Buttigieg,3464
2025-12-29,Pete Buttigieg,3003
2025-12-30,Pete Buttigieg,2840
2025-12-31,Pete Buttigieg,2755
2026-01-01,Pete Buttigieg,2897
2026-01-02,Pete Buttigieg,2535
2026-01-03,Pete Buttigieg,3097
2026-01-04,Pete Buttigieg,3087
2026-01-05,Pete Buttigieg,2810
2026-01-06,Pete Buttigieg,3226
2026-01-07,Pete Buttigieg,2894
2026-01-08,Pete Buttigieg,2626
2026-01-09,Pete Buttigieg,3071
2026-01-10,Pete Buttigieg,4028
2026-01-11,Pete Buttigieg,2614
2026-01-12,Pete Buttigieg,2594
2026-01-13,Pete Buttigieg,2402
2026-01-14,Pete Buttigieg,2710
2026-01-15,Pete Buttigieg,2775
2026-01-16,Pete Buttigieg,5413
2026-01-17,Pete Buttigieg,4597
2026-01-18,Pete Buttigieg,3758
2026-01-19,Pete Buttigieg,4870
2026-01-20,Pete Buttigieg,4417
2026-01-21,Pete Buttigieg,3943
2026-01-22,Pete Buttigieg,3117
2026-01-23,Pete Buttigieg,2951
2026-01-24,Pete Buttigieg,3254
2026-01-25,Pete Buttigieg,4653
2026-01-26,Pete Buttigieg,3794
2026-01-27,Pete Buttigieg,5660
2026-01-28,Pete Buttigieg,4298
2026-01-29,Pete Buttigieg,8410
2026-01-30,Pete Buttigieg,7543
2026-01-31,Pete Buttigieg,7044
2026-02-01,Pete Buttigieg,7326
2026-02-02,Pete Buttigieg,4418
2026-02-03,Pete Buttigieg,3607
2026-02-04,Pete Buttigieg,4183
2026-02-05,Pete Buttigieg,3995
2026-02-06,Pete Buttigieg,3698
2026-02-07,Pete Buttigieg,3649
2026-02-08,Pete Buttigieg,5875
2026-02-09,Pete Buttigieg,2859
2026-02-10,Pete Buttigieg,3818
2026-02-11,Pete Buttigieg,6864
2026-02-12,Pete Buttigieg,5804
2026-02-13,Pete Buttigieg,3918
2026-02-14,Pete Buttigieg,3075
2026-02-15,Pete Buttigieg,3211
2026-02-16,Pete Buttigieg,3713
2026-02-17,Pete Buttigieg,3461
2026-02-18,Pete Buttigieg,4199
2026-02-19,Pete Buttigieg,3501
2026-02-20,Pete Buttigieg,3775
2026-02-21,Pete Buttigieg,3537
2026-02-22,Pete Buttigieg,3426
2026-02-23,Pete Buttigieg,3576
2026-02-24,Pete Buttigieg,2977
2026-02-25,Pete Buttigieg,5494
2026-02-26,Pete Buttigieg,3071
2026-02-27,Pete Buttigieg,2987
2026-02-28,Pete Buttigieg,2866
2026-03-01,Pete Buttigieg,3217
2026-03-02,Pete Buttigieg,3850
2026-03-03,Pete Buttigieg,6306
2026-03-04,Pete Buttigieg,7923
2026-03-05,Pete Buttigieg,3927
2026-03-06,Pete Buttigieg,3555
2026-03-07,Pete Buttigieg,3031
2026-03-08,Pete Buttigieg,2807
2026-03-09,Pete Buttigieg,3426
2026-03-10,Pete Buttigieg,2894
2026-03-11,Pete Buttigieg,2736
2026-03-12,Pete Buttigieg,2604
2026-03-13,Pete Buttigieg,2771
2026-03-14,Pete Buttigieg,2554
2026-03-15,Pete Buttigieg,8597
2026-03-16,Pete Buttigieg,4635
2026-03-17,Pete Buttigieg,3019
2026-03-18,Pete Buttigieg,3166
2026-03-19,Pete Buttigieg,2322
2026-03-20,Pete Buttigieg,3146
2026-03-21,Pete Buttigieg,2863
2026-03-22,Pete Buttigieg,2678
2026-03-23,Pete Buttigieg,2909
2026-03-24,Pete Buttigieg,3135
2026-03-25,Pete Buttigieg,2598
2026-03-26,Pete Buttigieg,2430
2026-03-27,Pete Buttigieg,2609
2026-03-28,Pete Buttigieg,2589
2026-03-29,Pete Buttigieg,4484
2026-03-30,Pete Buttigieg,3107
2026-03-31,Pete Buttigieg,2563
2026-04-01,Pete Buttigieg,2327
2026-04-02,Pete Buttigieg,2782
2026-04-03,Pete Buttigieg,2960
2026-04-04,Pete Buttigieg,2277
2026-04-05,Pete Buttigieg,2369
2026-04-06,Pete Buttigieg,2318
2026-04-07,Pete Buttigieg,2510
2026-04-08,Pete Buttigieg,2853
2026-04-09,Pete Buttigieg,2180
2026-04-10,Pete Buttigieg,7647
2026-04-11,Pete Buttigieg,9335
2026-04-12,Pete Buttigieg,5715
2026-04-13,Pete Buttigieg,4755
2026-04-14,Pete Buttigieg,4113
2026-04-15,Pete Buttigieg,3237
2026-04-16,Pete Buttigieg,3357
2026-04-17,Pete Buttigieg,3352
2026-04-18,Pete Buttigieg,3871
2026-04-19,Pete Buttigieg,6649
2026-04-20,Pete Buttigieg,4688
2026-04-21,Pete Buttigieg,3767
2026-04-22,Pete Buttigieg,3074
2026-04-23,Pete Buttigieg,12067
2026-04-24,Pete Buttigieg,7461
2026-04-25,Pete Buttigieg,4344
2026-04-26,Pete Buttigieg,3406
2026-04-27,Pete Buttigieg,2848
2026-04-28,Pete Buttigieg,2777
2026-04-29,Pete Buttigieg,2907
2026-04-30,Pete Buttigieg,2672
2026-05-01,Pete Buttigieg,4498
2026-05-02,Pete Buttigieg,8295
2026-05-03,Pete Buttigieg,5788
2026-05-04,Pete Buttigieg,5264
2026-05-05,Pete Buttigieg,4513
2026-05-06,Pete Buttigieg,5742
2026-05-07,Pete Buttigieg,4423
2026-05-08,Pete Buttigieg,3285
2026-05-09,Pete Buttigieg,3030
2026-05-10,Pete Buttigieg,4358
2026-05-11,Pete Buttigieg,3328
2026-05-12,Pete Buttigieg,3493
2026-05-13,Pete Buttigieg,3430
2026-05-14,Pete Buttigieg,3186
2026-05-15,Pete Buttigieg,2999
2026-05-16,Pete Buttigieg,2745
2026-05-17,Pete Buttigieg,4835
2026-05-18,Pete Buttigieg,4466
2026-05-19,Pete Buttigieg,4057
2026-05-20,Pete Buttigieg,3448
2026-05-21,Pete Buttigieg,3111
2026-05-22,Pete Buttigieg,3274
2026-05-23,Pete Buttigieg,2912
2026-05-24,Pete Buttigieg,2637
2026-05-25,Pete Buttigieg,2721
2026-05-26,Pete Buttigieg,2382
2026-05-27,Pete Buttigieg,2705
2026-05-28,Pete Buttigieg,3940
2026-05-29,Pete Buttigieg,3909
2026-05-30,Pete Buttigieg,4693
2026-05-31,Pete Buttigieg,4834
2026-06-01,Pete Buttigieg,4214
2026-06-02,Pete Buttigieg,3013
2026-06-03,Pete Buttigieg,2807
2026-06-04,Pete Buttigieg,2490
2026-06-05,Pete Buttigieg,2610
2026-06-06,Pete Buttigieg,2394
2026-06-07,Pete Buttigieg,2422
2026-06-08,Pete Buttigieg,2253
2026-06-09,Pete Buttigieg,2138
2026-06-10,Pete Buttigieg,1978
2026-06-11,Pete Buttigieg,1896
2026-06-12,Pete Buttigieg,2258
2026-06-13,Pete Buttigieg,2201
2026-06-14,Pete Buttigieg,2163
2026-06-15,Pete Buttigieg,2254
2026-06-16,Pete Buttigieg,2488
2026-06-17,Pete Buttigieg,2927
2026-06-18,Pete Buttigieg,2139
2026-06-19,Pete Buttigieg,2301
2026-06-20,Pete Buttigieg,2037
2026-06-21,Pete Buttigieg,1992
2026-06-22,Pete Buttigieg,2217
2026-06-23,Pete Buttigieg,2206
2026-06-24,Pete Buttigieg,2097
2026-06-25,Pete Buttigieg,2070
2026-06-26,Pete Buttigieg,8979
2026-06-27,Pete Buttigieg,25301
2026-06-28,Pete Buttigieg,11034
2026-06-29,Pete Buttigieg,5697
2026-06-30,Pete Buttigieg,3724
2026-07-01,Pete Buttigieg,6830
2026-07-02,Pete Buttigieg,3401
2026-07-03,Pete Buttigieg,2586
2026-07-04,Pete Buttigieg,2362
2026-07-05,Pete Buttigieg,2511
2026-07-06,Pete Buttigieg,2376
2026-07-07,Pete Buttigieg,3401
2026-07-08,Pete Buttigieg,2775
2026-07-09,Pete Buttigieg,2476
2026-07-10,Pete Buttigieg,2508
2026-07-11,Pete Buttigieg,2544
2026-07-12,Pete Buttigieg,3362
2026-07-13,Pete Buttigieg,3502
2026-07-14,Pete Buttigieg,3285
2026-07-15,Pete Buttigieg,7696
2026-07-16,Pete Buttigieg,6272
2026-07-17,Pete Buttigieg,6160
2026-07-18,Pete Buttigieg,2883
2026-07-19,Pete Buttigieg,3395
2026-07-20,Pete Buttigieg,3462
2026-07-21,Pete Buttigieg,2634
2026-07-22,Pete Buttigieg,2694
2026-07-23,Pete Buttigieg,3797
2026-07-24,Pete Buttigieg,7745
2026-07-25,Pete Buttigieg,5999
2026-07-26,Pete Buttigieg,4434
2026-07-27,Pete Buttigieg,5806
2026-07-28,Pete Buttigieg,4320
2026-07-29,Pete Buttigieg,3100
2026-07-30,Pete Buttigieg,3038
2026-07-31,Pete Buttigieg,2774
2026-08-01,Pete Buttigieg,2454
2026-08-02,Pete Buttigieg,2805
2026-08-03,Pete Buttigieg,6139
2026-08-04,Pete Buttigieg,7580
2026-08-05,Pete Buttigieg,6678
2026-08-06,Pete Buttigieg,4402
2026-08-07,Pete Buttigieg,4084
2026-08-08,Pete Buttigieg,4431
2026-08-09,Pete Buttigieg,4041
2026-08-10,Pete Buttigieg,3566
2026-08-11,Pete Buttigieg,3222
2026-08-12,Pete Buttigieg,3142
2026-08-13,Pete Buttigieg,2740
2026-08-14,Pete Buttigieg,2583
2026-08-15,Pete Buttigieg,3074
2026-08-16,Pete Buttigieg,2882
2026-08-17,Pete Buttigieg,2868
2026-08-18,Pete Buttigieg,2531
2026-08-19,Pete Buttigieg,2299
2026-08-20,Pete Buttigieg,2768
2025-08-20,JD Vance,19326
2025-08-21,JD Vance,23491
2025-08-22,JD Vance,18602
2025-08-23,JD Vance,16553
2025-08-24,JD Vance,18505
2025-08-25,JD Vance,18665
2025-08-26,JD Vance,16191
2025-08-27,JD Vance,14542
2025-08-28,JD Vance,14891
2025-08-29,JD Vance,19314
2025-08-30,JD Vance,42960
2025-08-31,JD Vance,35527
2025-09-01,JD Vance,26965
2025-09-02,JD Vance,33824
2025-09-03,JD Vance,19279
2025-09-04,JD Vance,15844
2025-09-05,JD Vance,14418
2025-09-06,JD Vance,14978
2025-09-07,JD Vance,20498
2025-09-08,JD Vance,16985
2025-09-09,JD Vance,14481
2025-09-10,JD Vance,23768
2025-09-11,JD Vance,32337
2025-09-12,JD Vance,41541
2025-09-13,JD Vance,33466
2025-09-14,JD Vance,25494
2025-09-15,JD Vance,31778
2025-09-16,JD Vance,29392
2025-09-17,JD Vance,22425
2025-09-18,JD Vance,24135
2025-09-19,JD Vance,16982
2025-09-20,JD Vance,16470
2025-09-21,JD Vance,36214
2025-09-22,JD Vance,28585
2025-09-23,JD Vance,24762
2025-09-24,JD Vance,19812
2025-09-25,JD Vance,21234
2025-09-26,JD Vance,17477
2025-09-27,JD Vance,15773
2025-09-28,JD Vance,15769
2025-09-29,JD Vance,14269
2025-09-30,JD Vance,16075
2025-10-01,JD Vance,19951
2025-10-02,JD Vance,18514
2025-10-03,JD Vance,15330
2025-10-04,JD Vance,14189
2025-10-05,JD Vance,13746
2025-10-06,JD Vance,13867
2025-10-07,JD Vance,12731
2025-10-08,JD Vance,12024
2025-10-09,JD Vance,11899
2025-10-10,JD Vance,10993
2025-10-11,JD Vance,10850
2025-10-12,JD Vance,14622
2025-10-13,JD Vance,15594
2025-10-14,JD Vance,13441
2025-10-15,JD Vance,12630
2025-10-16,JD Vance,16002
2025-10-17,JD Vance,15970
2025-10-18,JD Vance,20507
2025-10-19,JD Vance,23330
2025-10-20,JD Vance,19258
2025-10-21,JD Vance,26396
2025-10-22,JD Vance,23679
2025-10-23,JD Vance,18864
2025-10-24,JD Vance,16226
2025-10-25,JD Vance,15052
2025-10-26,JD Vance,15077
2025-10-27,JD Vance,14573
2025-10-28,JD Vance,12771
2025-10-29,JD Vance,13790
2025-10-30,JD Vance,33605
2025-10-31,JD Vance,52045
2025-11-01,JD Vance,89238
2025-11-02,JD Vance,69935
2025-11-03,JD Vance,44702
2025-11-04,JD Vance,35679
2025-11-05,JD Vance,40137
2025-11-06,JD Vance,26526
2025-11-07,JD Vance,21537
2025-11-08,JD Vance,21117
2025-11-09,JD Vance,24045
2025-11-10,JD Vance,18944
2025-11-11,JD Vance,17948
2025-11-12,JD Vance,17119
2025-11-13,JD Vance,17883
2025-11-14,JD Vance,19347
2025-11-15,JD Vance,16422
2025-11-16,JD Vance,15175
2025-11-17,JD Vance,15306
2025-11-18,JD Vance,13670
2025-11-19,JD Vance,14335
2025-11-20,JD Vance,15200
2025-11-21,JD Vance,14783
2025-11-22,JD Vance,16496
2025-11-23,JD Vance,15912
2025-11-24,JD Vance,16093
2025-11-25,JD Vance,15058
2025-11-26,JD Vance,15562
2025-11-27,JD Vance,15930
2025-11-28,JD Vance,12778
2025-11-29,JD Vance,11283
2025-11-30,JD Vance,10419
2025-12-01,JD Vance,10747
2025-12-02,JD Vance,11014
2025-12-03,JD Vance,11337
2025-12-04,JD Vance,11410
2025-12-05,JD Vance,11221
2025-12-06,JD Vance,11463
2025-12-07,JD Vance,11804
2025-12-08,JD Vance,12387
2025-12-09,JD Vance,12506
2025-12-10,JD Vance,12940
2025-12-11,JD Vance,11150
2025-12-12,JD Vance,10653
2025-12-13,JD Vance,9845
2025-12-14,JD Vance,10407
2025-12-15,JD Vance,9790
2025-12-16,JD Vance,11798
2025-12-17,JD Vance,15723
2025-12-18,JD Vance,14738
2025-12-19,JD Vance,12659
2025-12-20,JD Vance,12559
2025-12-21,JD Vance,13506
2025-12-22,JD Vance,22075
2025-12-23,JD Vance,26576
2025-12-24,JD Vance,17069
2025-12-25,JD Vance,13772
2025-12-26,JD Vance,12932
2025-12-27,JD Vance,12085
2025-12-28,JD Vance,12905
2025-12-29,JD Vance,13138
2025-12-30,JD Vance,13121
2025-12-31,JD Vance,11817
2026-01-01,JD Vance,12012
2026-01-02,JD Vance,12102
2026-01-03,JD Vance,17026
2026-01-04,JD Vance,16693
2026-01-05,JD Vance,19261
2026-01-06,JD Vance,18821
2026-01-07,JD Vance,17825
2026-01-08,JD Vance,29564
2026-01-09,JD Vance,32282
2026-01-10,JD Vance,24930
2026-01-11,JD Vance,19887
2026-01-12,JD Vance,26786
2026-01-13,JD Vance,20363
2026-01-14,JD Vance,19212
2026-01-15,JD Vance,18115
2026-01-16,JD Vance,16435
2026-01-17,JD Vance,15366
2026-01-18,JD Vance,16799
2026-01-19,JD Vance,16072
2026-01-20,JD Vance,47634
2026-01-21,JD Vance,84793
2026-01-22,JD Vance,37587
2026-01-23,JD Vance,32527
2026-01-24,JD Vance,25179
2026-01-25,JD Vance,21622
2026-01-26,JD Vance,18415
2026-01-27,JD Vance,18030
2026-01-28,JD Vance,16290
2026-01-29,JD Vance,16112
2026-01-30,JD Vance,14223
2026-01-31,JD Vance,13700
2026-02-01,JD Vance,14026
2026-02-02,JD Vance,12182
2026-02-03,JD Vance,11589
2026-02-04,JD Vance,12905
2026-02-05,JD Vance,15497
2026-02-06,JD Vance,19181
2026-02-07,JD Vance,28013
2026-02-08,JD Vance,20817
2026-02-09,JD Vance,18303
2026-02-10,JD Vance,16680
2026-02-11,JD Vance,14307
2026-02-12,JD Vance,12524
2026-02-13,JD Vance,11870
2026-02-14,JD Vance,11876
2026-02-15,JD Vance,13122
2026-02-16,JD Vance,11778
2026-02-17,JD Vance,13371
2026-02-18,JD Vance,15151
2026-02-19,JD Vance,13620
2026-02-20,JD Vance,12593
2026-02-21,JD Vance,11959
2026-02-22,JD Vance,13584
2026-02-23,JD Vance,10556
2026-02-24,JD Vance,9968
2026-02-25,JD Vance,28179
2026-02-26,JD Vance,16564
2026-02-27,JD Vance,15790
2026-02-28,JD Vance,16308
2026-03-01,JD Vance,16584
2026-03-02,JD Vance,20310
2026-03-03,JD Vance,20213
2026-03-04,JD Vance,15113
2026-03-05,JD Vance,14131
2026-03-06,JD Vance,12852
2026-03-07,JD Vance,15786
2026-03-08,JD Vance,15893
2026-03-09,JD Vance,14788
2026-03-10,JD Vance,19256
2026-03-11,JD Vance,13658
2026-03-12,JD Vance,13041
2026-03-13,JD Vance,14528
2026-03-14,JD Vance,14064
2026-03-15,JD Vance,12590
2026-03-16,JD Vance,18013
2026-03-17,JD Vance,17503
2026-03-18,JD Vance,14519
2026-03-19,JD Vance,13102
2026-03-20,JD Vance,11874
2026-03-21,JD Vance,10817
2026-03-22,JD Vance,12269
2026-03-23,JD Vance,13345
2026-03-24,JD Vance,14318
2026-03-25,JD Vance,15178
2026-03-26,JD Vance,12274
2026-03-27,JD Vance,13524
2026-03-28,JD Vance,13943
2026-03-29,JD Vance,15466
2026-03-30,JD Vance,16226
2026-03-31,JD Vance,16713
2026-04-01,JD Vance,18418
2026-04-02,JD Vance,17711
2026-04-03,JD Vance,14632
2026-04-04,JD Vance,14071
2026-04-05,JD Vance,14478
2026-04-06,JD Vance,14725
2026-04-07,JD Vance,28739
2026-04-08,JD Vance,30928
2026-04-09,JD Vance,29456
2026-04-10,JD Vance,39833
2026-04-11,JD Vance,73670
2026-04-12,JD Vance,81719
2026-04-13,JD Vance,41557
2026-04-14,JD Vance,36300
2026-04-15,JD Vance,44568
2026-04-16,JD Vance,30743
2026-04-17,JD Vance,21610
2026-04-18,JD Vance,18659
2026-04-19,JD Vance,23531
2026-04-20,JD Vance,22205
2026-04-21,JD Vance,22170
2026-04-22,JD Vance,19678
2026-04-23,JD Vance,15026
2026-04-24,JD Vance,12704
2026-04-25,JD Vance,14738
2026-04-26,JD Vance,29235
2026-04-27,JD Vance,17754
2026-04-28,JD Vance,15415
2026-04-29,JD Vance,13867
2026-04-30,JD Vance,11994
2026-05-01,JD Vance,10956
2026-05-02,JD Vance,9628
2026-05-03,JD Vance,9676
2026-05-04,JD Vance,9384
2026-05-05,JD Vance,11116
2026-05-06,JD Vance,12906
2026-05-07,JD Vance,9592
2026-05-08,JD Vance,8648
2026-05-09,JD Vance,8321
2026-05-10,JD Vance,8413
2026-05-11,JD Vance,8189
2026-05-12,JD Vance,9643
2026-05-13,JD Vance,10243
2026-05-14,JD Vance,11143
2026-05-15,JD Vance,8659
2026-05-16,JD Vance,8296
2026-05-17,JD Vance,8213
2026-05-18,JD Vance,8168
2026-05-19,JD Vance,11865
2026-05-20,JD Vance,10182
2026-05-21,JD Vance,7897
2026-05-22,JD Vance,7972
2026-05-23,JD Vance,8447
2026-05-24,JD Vance,8261
2026-05-25,JD Vance,12083
2026-05-26,JD Vance,9968
2026-05-27,JD Vance,8915
2026-05-28,JD Vance,10632
2026-05-29,JD Vance,12756
2026-05-30,JD Vance,9439
2026-05-31,JD Vance,8587
2026-06-01,JD Vance,7914
2026-06-02,JD Vance,7748
2026-06-03,JD Vance,6933
2026-06-04,JD Vance,6638
2026-06-05,JD Vance,7540
2026-06-06,JD Vance,10988
2026-06-07,JD Vance,10752
2026-06-08,JD Vance,8198
2026-06-09,JD Vance,10421
2026-06-10,JD Vance,8086
2026-06-11,JD Vance,8182
2026-06-12,JD Vance,7543
2026-06-13,JD Vance,7214
2026-06-14,JD Vance,15950
2026-06-15,JD Vance,15570
2026-06-16,JD Vance,23728
2026-06-17,JD Vance,20656
2026-06-18,JD Vance,21250
2026-06-19,JD Vance,21861
2026-06-20,JD Vance,17217
2026-06-21,JD Vance,27391
2026-06-22,JD Vance,26966
2026-06-23,JD Vance,18065
2026-06-24,JD Vance,15646
2026-06-25,JD Vance,15339
2026-06-26,JD Vance,17987
2026-06-27,JD Vance,15149
2026-06-28,JD Vance,12685
2026-06-29,JD Vance,11335
2026-06-30,JD Vance,10217
2026-07-01,JD Vance,11806
2026-07-02,JD Vance,10435
2026-07-03,JD Vance,8855
2026-07-04,JD Vance,17284
2026-07-05,JD Vance,12103
2026-07-06,JD Vance,9775
2026-07-07,JD Vance,8423
2026-07-08,JD Vance,9021
2026-07-09,JD Vance,9194
2026-07-10,JD Vance,8875
2026-07-11,JD Vance,8673
2026-07-12,JD Vance,10385
2026-07-13,JD Vance,9119
2026-07-14,JD Vance,9367
2026-07-15,JD Vance,9515
2026-07-16,JD Vance,14996
2026-07-17,JD Vance,13493
2026-07-18,JD Vance,11071
2026-07-19,JD Vance,18354
2026-07-20,JD Vance,59469
2026-07-21,JD Vance,21262
2026-07-22,JD Vance,13209
2026-07-23,JD Vance,11308
2026-07-24,JD Vance,13812
2026-07-25,JD Vance,14937
2026-07-26,JD Vance,11652
2026-07-27,JD Vance,9585
2026-07-28,JD Vance,13931
2026-07-29,JD Vance,11434
2026-07-30,JD Vance,8667
2026-07-31,JD Vance,8196
2026-08-01,JD Vance,9275
2026-08-02,JD Vance,13600
2026-08-03,JD Vance,10464
2026-08-04,JD Vance,8395
2026-08-05,JD Vance,9718
2026-08-06,JD Vance,12620
2026-08-07,JD Vance,10410
2026-08-08,JD Vance,9846
2026-08-09,JD Vance,10592
2026-08-10,JD Vance,8688
2026-08-11,JD Vance,7330
2026-08-12,JD Vance,7651
2026-08-13,JD Vance,8139
2026-08-14,JD Vance,7898
2026-08-15,JD Vance,7124
2026-08-16,JD Vance,7619
2026-08-17,JD Vance,6609
2026-08-18,JD Vance,6943
2026-08-19,JD Vance,6724
2026-08-20,JD Vance,6700
