pulled_at,event_slug,question,candidate,yes_price,volume,liquidity,yes_token_id,end_date
2026-08-28T21:26:37.487949+00:00,democratic-presidential-nominee-2028,Will Gavin Newsom win the 2028 Democratic presidential nomination?,Gavin Newsom,0.1465,26975241.162802994,313122.40353,54533043819946592547517511176940999955633860128497669742211153063842200957669,2028-11-07T00:00:00Z
2026-08-28T21:26:37.487949+00:00,democratic-presidential-nominee-2028,Will Alexandria Ocasio-Cortez win the 2028 Democratic presidential nomination?,Alexandria Ocasio-Cortez,0.2045,15004994.858685,338331.07899,107064985435494333113391038470401719113272800530429703182710416066774068907304,2028-11-07T00:00:00Z
2026-08-28T21:26:37.487949+00:00,democratic-presidential-nominee-2028,Will Pete Buttigieg win the 2028 Democratic presidential nomination?,Pete Buttigieg,0.0525,11941577.372832004,510530.50342,91031279171981959197361710127213577102576826515163085396576756946418341946256,2028-11-07T00:00:00Z
2026-08-28T21:26:37.487949+00:00,democratic-presidential-nominee-2028,Will Josh Shapiro win the 2028 Democratic presidential nomination?,Josh Shapiro,0.0505,9602814.855315998,489770.57149,71169839497420596285841847514123589847893415750912355173877524195175834054354,2028-11-07T00:00:00Z
2026-08-28T21:26:37.487949+00:00,democratic-presidential-nominee-2028,Will Wes Moore win the 2028 Democratic presidential nomination?,Wes Moore,0.0145,18303990.184280995,393403.70363,90227223115596293448966158151606153337847900483048338623540402385929720677904,2028-11-07T00:00:00Z
2026-08-28T21:26:37.487949+00:00,democratic-presidential-nominee-2028,Will Stephen A. Smith win the 2028 Democratic presidential nomination?,Stephen A. Smith,0.0025,21787906.23602301,1319089.84946,60590045489347122735554346200880179420435533609307820342798544098823516727807,2028-11-07T00:00:00Z
2026-08-28T21:26:37.487949+00:00,democratic-presidential-nominee-2028,Will Kamala Harris win the 2028 Democratic presidential nomination?,Kamala Harris,0.0815,13087098.853058992,330948.26645,38171024903091354977195167437673496224420673639143973968032407064172828043588,2028-11-07T00:00:00Z
2026-08-28T21:26:37.487949+00:00,democratic-presidential-nominee-2028,Will Gretchen Whitmer win the 2028 Democratic presidential nomination?,Gretchen Whitmer,0.007,11989105.139895985,224717.22051,57761428076807364758801249497410455358987881775226117256631754592198558850468,2028-11-07T00:00:00Z
2026-08-28T21:26:37.487949+00:00,democratic-presidential-nominee-2028,Will Andy Beshear win the 2028 Democratic presidential nomination?,Andy Beshear,0.0225,13056426.556996996,655853.04729,26468656392978559668331516709623917078428425933265692717836103090220693717685,2028-11-07T00:00:00Z
2026-08-28T21:26:37.487949+00:00,democratic-presidential-nominee-2028,Will Jon Ossoff win the 2028 Democratic presidential nomination?,Jon Ossoff,0.1485,12802902.932658,310165.4399,70071592420137476676935286377781779672157004436137616627487590484756055232944,2028-11-07T00:00:00Z
2026-08-28T21:26:37.487949+00:00,democratic-presidential-nominee-2028,Will Mark Cuban win the 2028 Democratic presidential nomination?,Mark Cuban,0.0055,22876208.90131399,1919633.03278,58378309871183461257693288827678410871907006920578755035402846056315798427503,2028-11-07T00:00:00Z
2026-08-28T21:26:37.487949+00:00,democratic-presidential-nominee-2028,Will J.B. Pritzker win the 2028 Democratic presidential nomination?,J.B. Pritzker,0.0115,15472205.805591974,419363.3181,103988345069738240821107916249290759786442703283901164377120414690701074137717,2028-11-07T00:00:00Z
2026-08-28T21:26:37.487949+00:00,democratic-presidential-nominee-2028,Will Raphael Warnock win the 2028 Democratic presidential nomination?,Raphael Warnock,0.0055,32102608.903381996,1812175.87476,52310257194926233099477326083312959938983447523839326865869372741334281264830,2028-11-07T00:00:00Z
2026-08-28T21:26:37.487949+00:00,democratic-presidential-nominee-2028,Will Cory Booker win the 2028 Democratic presidential nomination?,Cory Booker,0.0055,26000230.290103007,1651156.11313,50887272939612765629559172143901565817521391945540156085421963433918821328137,2028-11-07T00:00:00Z
2026-08-28T21:26:37.487949+00:00,democratic-presidential-nominee-2028,Will Tim Walz win the 2028 Democratic presidential nomination?,Tim Walz,0.0015,43071478.973428026,2891912.18542,104464678880204778606895232389511543522030897731392516718349574106843434770446,2028-11-07T00:00:00Z
2026-08-28T21:26:37.487949+00:00,democratic-presidential-nominee-2028,Will Michelle Obama win the 2028 Democratic presidential nomination?,Michelle Obama,0.0065,26173638.380107995,2222130.74606,83723134981785004242996949681785273460678873813693556756054904164484296299719,2028-11-07T00:00:00Z
2026-08-28T21:26:37.487949+00:00,democratic-presidential-nominee-2028,Will Mark Kelly win the 2028 Democratic presidential nomination?,Mark Kelly,0.031,17447568.307880986,389246.86103,92325249719485031139867422012514654102580961954747753469470405147070256604118,2028-11-07T00:00:00Z
2026-08-28T21:26:37.487949+00:00,democratic-presidential-nominee-2028,Will Rahm Emanuel win the 2028 Democratic presidential nomination?,Rahm Emanuel,0.0245,14531987.911968997,783891.01795,10521981432803570450946212503203364998108630328528216082760514453664705157397,2028-11-07T00:00:00Z
2026-08-28T21:26:37.487949+00:00,democratic-presidential-nominee-2028,Will Gina Raimondo win the 2028 Democratic presidential nomination?,Gina Raimondo,0.0015,35716765.721648,2198493.14307,35165603539035270209469650915267170915291414186795231160733227083640059691764,2028-11-07T00:00:00Z
2026-08-28T21:26:37.487949+00:00,democratic-presidential-nominee-2028,Will Zohran Mamdani win the 2028 Democratic presidential nomination?,Zohran Mamdani,0.0035,38770372.22239602,2648429.45317,19323997520040734631220675039559156784534982703459512097490198935565229528445,2028-11-07T00:00:00Z
2026-08-28T21:26:37.487949+00:00,democratic-presidential-nominee-2028,Will Roy Cooper win the 2028 Democratic presidential nomination?,Roy Cooper,0.0035,31425673.092582013,1793123.82934,30732552320006664177902085971957467957450485111214036633872573588757974348601,2028-11-07T00:00:00Z
2026-08-28T21:26:37.487949+00:00,democratic-presidential-nominee-2028,Will John Fetterman win the 2028 Democratic presidential nomination?,John Fetterman,0.0035,24530057.187855013,2324430.5197,71289010523270989807437428651002770360280908813019627976988032260868574107425,2028-11-07T00:00:00Z
2026-08-28T21:26:37.487949+00:00,democratic-presidential-nominee-2028,Will Jared Polis win the 2028 Democratic presidential nomination?,Jared Polis,0.0015,27286711.577990998,929343.9521,42119164854283656238382173699154739480090965550328051492328192273011556335098,2028-11-07T00:00:00Z
2026-08-28T21:26:37.487949+00:00,democratic-presidential-nominee-2028,Will Jon Stewart win the 2028 Democratic presidential nomination?,Jon Stewart,0.0055,24635008.956653014,313916.36485,58343456405874365460518182619380252930558598368174305791768670198253267891911,2028-11-07T00:00:00Z
2026-08-28T21:26:37.487949+00:00,democratic-presidential-nominee-2028,Will Barack Obama win the 2028 Democratic presidential nomination?,Barack Obama,0.0025,33926803.517148025,2479199.85298,88927218779847397120407909832537568114340511586397698395193736044476021744522,2028-11-07T00:00:00Z
2026-08-28T21:26:37.487949+00:00,democratic-presidential-nominee-2028,Will Hillary Clinton win the 2028 Democratic presidential nomination?,Hillary Clinton,0.0015,43749062.32347002,2915781.78704,6349038249650226718426900942104344803413105653564595362433352811865798195800,2028-11-07T00:00:00Z
2026-08-28T21:26:37.487949+00:00,democratic-presidential-nominee-2028,Will Liz Cheney win the 2028 Democratic presidential nomination?,Liz Cheney,0.0025,38410109.97712202,2670059.86181,41340056280794024415573839406074658402877379128871144681466050648033201160259,2028-11-07T00:00:00Z
2026-08-28T21:26:37.487949+00:00,democratic-presidential-nominee-2028,Will Bernie Sanders win the 2028 Democratic presidential nomination?,Bernie Sanders,0.005,52722179.02202004,906831.98716,113510300123120868861281132282742729065975487298059944817273881893086209196585,2028-11-07T00:00:00Z
2026-08-28T21:26:37.487949+00:00,democratic-presidential-nominee-2028,Will Phil Murphy win the 2028 Democratic presidential nomination?,Phil Murphy,0.0015,42274571.47336494,2795630.2443,81633484456710374417231462107666791993850637546563366185897100962157481970040,2028-11-07T00:00:00Z
2026-08-28T21:26:37.487949+00:00,democratic-presidential-nominee-2028,Will LeBron James win the 2028 Democratic presidential nomination?,LeBron James,0.0025,43881635.22833603,2913151.61689,100561779829530520068956424581003844045516012444425572625523659025114550346085,2028-11-07T00:00:00Z
2026-08-28T21:26:37.487949+00:00,democratic-presidential-nominee-2028,Will Hunter Biden win the 2028 Democratic presidential nomination?,Hunter Biden,0.0045,44230124.30806299,1214275.75821,11343337042526652606304508556838778144915122118685013460142819817079620240439,2028-11-07T00:00:00Z
2026-08-28T21:26:37.487949+00:00,democratic-presidential-nominee-2028,Will George Clooney win the 2028 Democratic presidential nomination?,George Clooney,0.0025,43014463.58325901,2749098.42203,48218088132821386640274752564592889805082274744128282833036735027928992155024,2028-11-07T00:00:00Z
2026-08-28T21:26:37.487949+00:00,democratic-presidential-nominee-2028,Will Chelsea Clinton win the 2028 Democratic presidential nomination?,Chelsea Clinton,0.0015,50273122.00627302,795705.49814,46211769122513729244602558513001215391004042100934296321661285791281233261657,2028-11-07T00:00:00Z
2026-08-28T21:26:37.487949+00:00,democratic-presidential-nominee-2028,Will MrBeast win the 2028 Democratic presidential nomination?,MrBeast,0.0015,40952387.06171002,2827120.63395,51035537065442638321333063915918274102446051033989435618245745345113522914516,2028-11-07T00:00:00Z
2026-08-28T21:26:37.487949+00:00,democratic-presidential-nominee-2028,Will Dwayne 'The Rock' Johnson win the 2028 Democratic presidential nomination?,Dwayne 'The Rock' Johnson,0.0065,12449689.940080004,889432.5437,40963724357262746498642320898188195118391211877976821531149510360187173789737,2028-11-07T00:00:00Z
2026-08-28T21:26:37.487949+00:00,democratic-presidential-nominee-2028,Will Oprah Winfrey win the 2028 Democratic presidential nomination?,Oprah Winfrey,0.0025,54319498.84082899,2902334.05838,2213957649161627793381994368131485505647723208738124952452819345058597751695,2028-11-07T00:00:00Z
2026-08-28T21:26:37.487949+00:00,democratic-presidential-nominee-2028,Will Andrew Yang win the 2028 Democratic presidential nomination?,Andrew Yang,0.0015,48697423.35454901,2720993.48758,102504892414163237174864879683522880588750452841477290216845150938663289742135,2028-11-07T00:00:00Z
2026-08-28T21:26:37.487949+00:00,democratic-presidential-nominee-2028,Will Beto O’Rourke win the 2028 Democratic presidential nomination?,Beto O’Rourke,0.0025,42723748.571148016,2838203.54756,37126434962149084556522721025504254258386171468763869879755961635390358765833,2028-11-07T00:00:00Z
2026-08-28T21:26:37.487949+00:00,democratic-presidential-nominee-2028,Will Kim Kardashian win the 2028 Democratic presidential nomination?,Kim Kardashian,0.0015,42828251.75717102,2780995.30983,55087250670040717711131370018408221134109122974378698780636020561523521220754,2028-11-07T00:00:00Z
2026-08-28T21:26:37.487949+00:00,democratic-presidential-nominee-2028,Will Chris Murphy win the 2028 Democratic presidential nomination?,Chris Murphy,0.0035,17201394.36041801,1929737.27833,8815924480259634499011776432080696931704057619336093802050596292915996723758,2028-11-07T00:00:00Z
2026-08-28T21:26:37.487949+00:00,democratic-presidential-nominee-2028,Will Jasmine Crockett win the 2028 Democratic presidential nomination?,Jasmine Crockett,0.0025,36413950.77311401,2153359.87778,22103094389913052942362639589409218272323168761614999702665821259175535456835,2028-11-07T00:00:00Z
2026-08-28T21:26:37.487949+00:00,democratic-presidential-nominee-2028,Will Ruben Gallego win the 2028 Democratic presidential nomination?,Ruben Gallego,0.0025,8405331.435457,1225145.09226,94658518227479141344875476648819337938746150529318297759951212169676959854478,2028-11-07T00:00:00Z
2026-08-28T21:26:37.487949+00:00,democratic-presidential-nominee-2028,Will Ro Khanna win the 2028 Democratic presidential nomination?,Ro Khanna,0.0225,11226753.878287,290906.79594,20374050108659687356429749447884880983779889840007423115803042125707701269498,2028-11-07T00:00:00Z
2026-08-28T21:26:37.487949+00:00,democratic-presidential-nominee-2028,Will James Talarico win the 2028 Democratic presidential nomination?,James Talarico,0.0235,10547564.531792002,289011.78661,52535923606561722941567320365820395300598958985353103429657683100920373025261,2028-11-07T00:00:00Z
2026-08-28T21:26:37.487949+00:00,democratic-presidential-nominee-2028,Will Graham Platner win the 2028 Democratic presidential nomination?,Graham Platner,0.0015,8394557.679158002,2506949.00134,54840717483866263964304723492966182979723045222316848733193673523986124053075,2028-11-07T00:00:00Z
2026-08-28T21:26:37.487949+00:00,democratic-presidential-nominee-2028,Will Abigail Spanberger win the 2028 Democratic presidential nomination?,Abigail Spanberger,0.0015,1295868.1501660002,2030981.52182,67834126955354466786049932246962827069514258320708123726234642047236874537300,2028-11-07T00:00:00Z
2026-08-28T21:26:37.487949+00:00,democratic-presidential-nominee-2028,Will Hakeem Jeffries win the 2028 Democratic presidential nomination?,Hakeem Jeffries,0.0005,799467.1221659998,1780835.58916,23940655822937666554179928631365405234554137716172612284986318717257054413669,2028-11-07T00:00:00Z
2026-08-28T21:26:37.487949+00:00,democratic-presidential-nominee-2028,Will Elissa Slotkin win the 2028 Democratic presidential nomination?,Elissa Slotkin,0.0025,1158167.6049469998,1567702.1633,48455736546094517370011063312529885328905072240106316551156607253162886762655,2028-11-07T00:00:00Z
2026-08-28T21:26:37.487949+00:00,democratic-presidential-nominee-2028,Will Adam Schiff win the 2028 Democratic presidential nomination?,Adam Schiff,0.0005,431967.87683300005,2031831.90108,62721325588078416441678692954905586544000289214339415151384834742710012983810,2028-11-07T00:00:00Z
2026-08-28T21:26:37.487949+00:00,democratic-presidential-nominee-2028,Will Josh Stein win the 2028 Democratic presidential nomination?,Josh Stein,0.0015,2242296.8469920005,1996751.20459,88892629978057552473594496509394432528313837466696628191322608851106929962536,2028-11-07T00:00:00Z
2026-08-28T21:26:37.487949+00:00,democratic-presidential-nominee-2028,Will Alex Padilla win the 2028 Democratic presidential nomination?,Alex Padilla,0.0005,778500.2029990001,1983395.88544,70419914298819599884598619432566620509485573636622456902301761941886565776666,2028-11-07T00:00:00Z
2026-08-28T21:26:37.487949+00:00,presidential-election-winner-2028,Will JD Vance win the 2028 US Presidential Election?,JD Vance,0.2375,15786119.71605598,377720.46505,16040015440196279900485035793550429453516625694844857319147506590755961451627,2028-11-07T00:00:00Z
2026-08-28T21:26:37.487949+00:00,presidential-election-winner-2028,Will Gavin Newsom win the 2028 US Presidential Election?,Gavin Newsom,0.087,17975951.249525003,362834.31303,98250445447699368679516529207365255018790721464590833209064266254238063117329,2028-11-07T00:00:00Z
2026-08-28T21:26:37.487949+00:00,presidential-election-winner-2028,Will Alexandria Ocasio-Cortez win the 2028 US Presidential Election?,Alexandria Ocasio-Cortez,0.1355,13466495.272016022,323982.43902,8113830512143065501177519557124858581375945005490796772950589720955457782465,2028-11-07T00:00:00Z
2026-08-28T21:26:37.487949+00:00,presidential-election-winner-2028,Will Pete Buttigieg win the 2028 US Presidential Election?,Pete Buttigieg,0.0235,8074629.010570001,512393.74949,35629456194498013232473191985311930903993567273832459837879398120893197410860,2028-11-07T00:00:00Z
2026-08-28T21:26:37.487949+00:00,presidential-election-winner-2028,Will Josh Shapiro win the 2028 US Presidential Election?,Josh Shapiro,0.0305,7327596.630641999,438806.67734,1420113190297259908358916251277696183671602680024474979931472444792502392139,2028-11-07T00:00:00Z
2026-08-28T21:26:37.487949+00:00,presidential-election-winner-2028,Will Marco Rubio win the 2028 US Presidential Election?,Marco Rubio,0.1065,12095382.854643995,369497.93126,11171618905857319805355893398009978356002287408842633593535559412449299952250,2028-11-07T00:00:00Z
2026-08-28T21:26:37.487949+00:00,presidential-election-winner-2028,Will Wes Moore win the 2028 US Presidential Election?,Wes Moore,0.0085,12344931.209139999,222365.90186,35272507273162958827997790327967872292415567859334925862043618606081750011897,2028-11-07T00:00:00Z
2026-08-28T21:26:37.487949+00:00,presidential-election-winner-2028,Will Gretchen Whitmer win the 2028 US Presidential Election?,Gretchen Whitmer,0.0035,15524221.135663992,296073.00425,4999047257294547885970323631312419427544062131054733229841947946130772277335,2028-11-07T00:00:00Z
2026-08-28T21:26:37.487949+00:00,presidential-election-winner-2028,Will Andy Beshear win the 2028 US Presidential Election?,Andy Beshear,0.0105,19135052.55535,332292.10004,50507496430692162923857760920722624157737138256097150616293040054748564876552,2028-11-07T00:00:00Z
2026-08-28T21:26:37.487949+00:00,presidential-election-winner-2028,Will Glenn Youngkin win the 2028 US Presidential Election?,Glenn Youngkin,0.0065,26537006.623864986,2148587.11232,631059815958854406224163480574507434200946764542129005247984171366597476420,2028-11-07T00:00:00Z
2026-08-28T21:26:37.487949+00:00,presidential-election-winner-2028,Will Kamala Harris win the 2028 US Presidential Election?,Kamala Harris,0.0325,8818061.969596,361567.03709,70663352401606372246362604193214664065595751757222752105245221905399175050480,2028-11-07T00:00:00Z
2026-08-28T21:26:37.487949+00:00,presidential-election-winner-2028,Will Stephen Smith win the 2028 US Presidential Election?,Stephen Smith,0.0015,33414691.152618997,1375908.2028,105367778020161609482094090847463497982204321259381518614669619753184648647559,2028-11-07T00:00:00Z
2026-08-28T21:26:37.487949+00:00,presidential-election-winner-2028,Will JB Pritzker win the 2028 US Presidential Election?,JB Pritzker,0.0035,12806583.658965,665926.24559,70948731404464821824516595498024506131170394300814446118501620719416471444076,2028-11-07T00:00:00Z
2026-08-28T21:26:37.487949+00:00,presidential-election-winner-2028,Will Tulsi Gabbard win the 2028 US Presidential Election?,Tulsi Gabbard,0.0025,34539716.05434399,1673972.69776,97633418272282627828834872960145259034624388719803091466146359304286851612172,2028-11-07T00:00:00Z
2026-08-28T21:26:37.487949+00:00,presidential-election-winner-2028,Will Donald Trump win the 2028 US Presidential Election?,Donald Trump,0.0195,9956998.041746,565930.49354,11807691644868166983390207408868795383945915035851758101409310535538572683733,2028-11-07T00:00:00Z
2026-08-28T21:26:37.487949+00:00,presidential-election-winner-2028,Will Donald Trump Jr. win the 2028 US Presidential Election?,Donald Trump Jr.,0.0065,13683340.894742003,916641.14448,77660944053451874285291959901958937238149180369572698706675030657716494119346,2028-11-07T00:00:00Z
2026-08-28T21:26:37.487949+00:00,presidential-election-winner-2028,Will Nikki Haley win the 2028 US Presidential Election?,Nikki Haley,0.0055,28682788.766061015,2273161.13553,14253956839582698877884742930225331487593177635330318923853046874994118249367,2028-11-07T00:00:00Z
2026-08-28T21:26:37.487949+00:00,presidential-election-winner-2028,Will Ron DeSantis win the 2028 US Presidential Election?,Ron DeSantis,0.0135,12462261.352430008,301970.96198,104480514270625615787868282411330496385404675495672110015326625654626015018993,2028-11-07T00:00:00Z
2026-08-28T21:26:37.487949+00:00,presidential-election-winner-2028,Will Tim Walz win the 2028 US Presidential Election?,Tim Walz,0.0015,44563209.14863402,2386603.24013,2638997461401140008448476093092229850740161649668999975101243681118238509713,2028-11-07T00:00:00Z
2026-08-28T21:26:37.487949+00:00,presidential-election-winner-2028,Will Vivek Ramaswamy win the 2028 US Presidential Election?,Vivek Ramaswamy,0.0015,37778830.32719001,1668664.52566,48067717079255656974334181122173546721823870434119599450595298250019538972254,2028-11-07T00:00:00Z
2026-08-28T21:26:37.487949+00:00,presidential-election-winner-2028,Will Greg Abbott win the 2028 US Presidential Election?,Greg Abbott,0.0085,35290242.98775998,2290150.39095,58585097107933138034126275600204468509993701936571284309823871593297754181479,2028-11-07T00:00:00Z
2026-08-28T21:26:37.487949+00:00,presidential-election-winner-2028,Will Elon Musk win the 2028 US Presidential Election?,Elon Musk,0.0065,26074224.77885101,1792074.14057,26641906520532802078452346454133721131611596169940893262820937050881742190686,2028-11-07T00:00:00Z
2026-08-28T21:26:37.487949+00:00,presidential-election-winner-2028,Will LeBron James win the 2028 US Presidential Election?,LeBron James,0.0015,54605295.40010809,2553614.00135,39223330966352513418907732239455948906399882924787587183466504819170775983376,2028-11-07T00:00:00Z
2026-08-28T21:26:37.487949+00:00,presidential-election-winner-2028,Will Dwayne 'The Rock' Johnson win the 2028 US Presidential Election?,Dwayne 'The Rock' Johnson,0.0155,8294691.229491001,191486.38584,76252402837334795047528042167618984089231134882494719641438604550246396692717,2028-11-07T00:00:00Z
2026-08-28T21:26:37.487949+00:00,presidential-election-winner-2028,Will Tucker Carlson win the 2028 US Presidential Election?,Tucker Carlson,0.0115,14125273.181557989,398270.13973,45015916581148592087728250896178171120552786117190685135618507471166113474733,2028-11-07T00:00:00Z
2026-08-28T21:26:37.487949+00:00,presidential-election-winner-2028,Will Kim Kardashian win the 2028 US Presidential Election?,Kim Kardashian,0.0015,40166107.296616025,2088816.34209,24863363384036117015867671383779186335047493791693657275104567365292353535818,2028-11-07T00:00:00Z
2026-08-28T21:26:37.487949+00:00,presidential-election-winner-2028,Will Ivanka Trump win the 2028 US Presidential Election?,Ivanka Trump,0.0055,8146754.667991001,494821.26235,40932864651005132434669457369564353816786330205469778285035893634458129671101,2028-11-07T00:00:00Z
2026-08-28T21:26:37.487949+00:00,presidential-election-winner-2028,Will Zohran Mamdani win the 2028 US Presidential Election?,Zohran Mamdani,0.0015,22116060.070913006,1765103.83437,94621929236241392639802280031607240386237812521756048982107414565863464212526,2028-11-07T00:00:00Z
2026-08-28T21:26:37.487949+00:00,presidential-election-winner-2028,Will Michelle Obama win the 2028 US Presidential Election?,Michelle Obama,0.0055,18752287.606222,1502553.56034,88521269813605705303364598280494261510300497312149869577251450871617962933121,2028-11-07T00:00:00Z
2026-08-28T21:26:37.487949+00:00,presidential-election-winner-2028,Will Jamie Dimon win the 2028 US Presidential Election?,Jamie Dimon,0.0065,10878086.611964002,824255.75222,23692929455124171734375794579007643086071570310019729232490607671061438183936,2028-11-07T00:00:00Z
2026-08-28T21:26:37.487949+00:00,presidential-election-winner-2028,Will Ro Khanna win the 2028 US Presidential Election?,Ro Khanna,0.0095,10757846.831341,994473.19434,45264462342307496826883801236629887275526404999716050689931105511159370296978,2028-11-07T00:00:00Z
2026-08-28T21:26:37.487949+00:00,presidential-election-winner-2028,Will Thomas Massie win the 2028 US Presidential Election?,Thomas Massie,0.0085,8230980.268642,370141.25304,89071282556584199015490241074221756662667488270789034763702585258138302536112,2028-11-07T00:00:00Z
2026-08-28T21:26:37.487949+00:00,presidential-election-winner-2028,Will Jon Ossoff win the 2028 US Presidential Election?,Jon Ossoff,0.0995,5560124.4117250005,368964.67263,110102705199530588976777616718115948005824665233400132417374621750887344831757,2028-11-07T00:00:00Z
2026-08-28T21:26:37.487949+00:00,presidential-election-winner-2028,Will James Talarico win the 2028 US Presidential Election?,James Talarico,0.0045,6987752.680731999,792720.89649,92909595831677784305960426832337551335132297174712723670055008600724483830120,2028-11-07T00:00:00Z
2026-08-28T21:26:37.487949+00:00,presidential-election-winner-2028,Will Eric Trump win the 2028 US Presidential Election?,Eric Trump,0.0015,18696343.644761004,2333257.32795,67028631656597977031363620447645908995417871899828777750494099295092202422178,2028-11-07T00:00:00Z
2026-08-28T21:26:37.487949+00:00,presidential-election-winner-2028,Will Pete Hegseth win the 2028 US Presidential Election?,Pete Hegseth,0.0015,8745165.491485994,2022146.88099,19127703543758281171764934244436807153695715307017908811054254126168591609122,2028-11-07T00:00:00Z
2026-08-28T21:26:37.487949+00:00,presidential-election-winner-2028,Will Jalen Brunson win the 2028 US Presidential Election?,Jalen Brunson,0.0005,2708897.804674,1964465.46035,102551965884513878228913656538331960551103243325173310298991321638711054206295,2028-11-07T00:00:00Z
2026-08-28T21:26:37.487949+00:00,presidential-election-winner-2028,Will Abigail Spanberger win the 2028 US Presidential Election?,Abigail Spanberger,0.0005,302351.842,1780316.85334,26300126250638962432368126833553865841971269530697411678483716322368818562639,2028-11-07T00:00:00Z
2026-08-28T21:26:37.487949+00:00,presidential-election-winner-2028,Will Hakeem Jeffries win the 2028 US Presidential Election?,Hakeem Jeffries,0.0005,258603.62699999998,1639602.33484,27324378907862915329653747321506298712990175671811760510867365204472005456284,2028-11-07T00:00:00Z
2026-08-28T21:26:37.487949+00:00,presidential-election-winner-2028,Will Elissa Slotkin win the 2028 US Presidential Election?,Elissa Slotkin,0.0015,476860.27766599995,1924777.66643,48603794625473459817558518297806850992009615470611080215039575427157653927669,2028-11-07T00:00:00Z
2026-08-28T21:26:37.487949+00:00,presidential-election-winner-2028,Will Adam Schiff win the 2028 US Presidential Election?,Adam Schiff,0.0015,893470.3900000001,1884052.95645,41714979268040478071540687092470339003658632436860166518888808949878005742810,2028-11-07T00:00:00Z
2026-08-28T21:26:37.487949+00:00,presidential-election-winner-2028,Will Josh Stein win the 2028 US Presidential Election?,Josh Stein,0.0015,1010926.4559999999,1995174.41376,81914651028896069221591777664987513664858213907907450367169656205040430609207,2028-11-07T00:00:00Z
2026-08-28T21:26:37.487949+00:00,presidential-election-winner-2028,Will Alex Padilla win the 2028 US Presidential Election?,Alex Padilla,0.0005,834592.7520000002,1904054.12707,111275251472058072508619811663710362197823477418115657686883100870313266336765,2028-11-07T00:00:00Z
2026-08-28T21:26:37.487949+00:00,presidential-election-winner-2028,Will Candace Owens win the 2028 US Presidential Election?,Candace Owens,0.0005,519460.347,1934318.88122,30592713517693064640872287798282181889924970160995509574203628557763502328846,2028-11-07T00:00:00Z
2026-08-28T21:26:37.487949+00:00,presidential-election-winner-2028,Will Tim Scott win the 2028 US Presidential Election?,Tim Scott,0.0015,364967.769833,1821667.09656,24908228760416922213612434617001183346078469158297998009944252494961344688838,2028-11-07T00:00:00Z
2026-08-28T21:26:37.487949+00:00,presidential-election-winner-2028,Will Mike Johnson win the 2028 US Presidential Election?,Mike Johnson,0.0005,363002.546,1627456.07376,12167445601241038494598627746141164571603283042691642667221433294800793091205,2028-11-07T00:00:00Z
2026-08-28T21:26:37.487949+00:00,presidential-election-winner-2028,Will Doug Burgum win the 2028 US Presidential Election?,Doug Burgum,0.0015,317495.49033299997,1675168.98086,94314941650039047289265493612932677665453822154521043846008907983710285812703,2028-11-07T00:00:00Z
2026-08-28T21:26:37.487949+00:00,presidential-election-winner-2028,Will Tom Cotton win the 2028 US Presidential Election?,Tom Cotton,0.0015,1399146.3125000002,1804661.30254,56114071801627868962796345927407759352134024540758530261292405761584104631958,2028-11-07T00:00:00Z
2026-08-28T21:26:37.487949+00:00,presidential-election-winner-2028,Will John N. Kennedy win the 2028 US Presidential Election?,John N. Kennedy,0.0005,374485.290666,1899608.66884,61376537780820968688230468137773433996457038190018192165125329985229525512432,2028-11-07T00:00:00Z
2026-08-28T21:26:37.487949+00:00,presidential-election-winner-2028,Will Rick Scott win the 2028 US Presidential Election?,Rick Scott,0.0015,363572.42199999996,1867676.02163,87585684272089146836087133268410753291623456331972637059302024009373916951268,2028-11-07T00:00:00Z
2026-08-28T21:26:37.487949+00:00,presidential-election-winner-2028,Will Mark Kelly win the 2028 US Presidential Election?,Mark Kelly,0.021,625400.845542,186557.4784,82484367794922542194748130898709267498229902036004201791332178634402889282171,2028-11-07T00:00:00Z
2026-08-28T21:26:37.487949+00:00,presidential-election-winner-2028,Will Raphael Warnock win the 2028 US Presidential Election?,Raphael Warnock,0.002,555226.313333,249017.92957,5019810753168153471323122473105082718702229310401435759781569586768450866932,2028-11-07T00:00:00Z
2026-08-28T21:26:37.487949+00:00,republican-presidential-nominee-2028,Will Donald Trump win the 2028 Republican presidential nomination?,Donald Trump,0.0215,9486935.842976997,330108.65789,3039641309958397001906153616677074061284510636204155275446291716739429262374,2028-11-07T00:00:00Z
2026-08-28T21:26:37.487949+00:00,republican-presidential-nominee-2028,Will J.D. Vance win the 2028 Republican presidential nomination?,J.D. Vance,0.4795,15379513.066213984,310716.48847,40081275558852222228080198821361202017557872256707631666334039001378518619916,2028-11-07T00:00:00Z
2026-08-28T21:26:37.487949+00:00,republican-presidential-nominee-2028,Will Marco Rubio win the 2028 Republican presidential nomination?,Marco Rubio,0.1745,10324063.260744004,264337.25981,13565458761220145250977753098276900790902214604876327357986816739576288755859,2028-11-07T00:00:00Z
2026-08-28T21:26:37.487949+00:00,republican-presidential-nominee-2028,Will Tulsi Gabbard win the 2028 Republican presidential nomination?,Tulsi Gabbard,0.009,13754938.465577004,1458975.39197,111796631871113641071635832853519973638674140424258605036492112910151603434351,2028-11-07T00:00:00Z
2026-08-28T21:26:37.487949+00:00,republican-presidential-nominee-2028,Will Glenn Youngkin win the 2028 Republican presidential nomination?,Glenn Youngkin,0.0095,8639981.643085003,264839.14275,108177352465155946413420144732939501038742536693084796111933355102723645081439,2028-11-07T00:00:00Z
2026-08-28T21:26:37.487949+00:00,republican-presidential-nominee-2028,Will Donald Trump Jr. win the 2028 Republican presidential nomination?,Donald Trump Jr.,0.0195,9612773.895816997,615914.36895,96972794085445478502118386209219626048407104930213167197946285611747327241358,2028-11-07T00:00:00Z
2026-08-28T21:26:37.487949+00:00,republican-presidential-nominee-2028,Will Ron DeSantis win the 2028 Republican presidential nomination?,Ron DeSantis,0.0245,15452325.111043002,409965.71205,12127975650736113116407758794754973741525044713193258995588171654429754588610,2028-11-07T00:00:00Z
2026-08-28T21:26:37.487949+00:00,republican-presidential-nominee-2028,Will Nikki Haley win the 2028 Republican presidential nomination?,Nikki Haley,0.003,10304718.043282999,1298256.20455,30919109558246209971545892228598482722881502507049010402392877610451001659386,2028-11-07T00:00:00Z
2026-08-28T21:26:37.487949+00:00,republican-presidential-nominee-2028,Will Vivek Ramaswamy win the 2028 Republican presidential nomination?,Vivek Ramaswamy,0.0055,16060127.907318007,715697.65596,7847177314809025001842027337093046201021185723933452855314998541165696902642,2028-11-07T00:00:00Z
2026-08-28T21:26:37.487949+00:00,republican-presidential-nominee-2028,Will Sarah Huckabee Sanders win the 2028 Republican presidential nomination?,Sarah Huckabee Sanders,0.0055,32716423.043775015,2215830.3771,35019878675696902444730611385908114488958639217305639231975258218416576501435,2028-11-07T00:00:00Z
2026-08-28T21:26:37.487949+00:00,republican-presidential-nominee-2028,Will Greg Abbott win the 2028 Republican presidential nomination?,Greg Abbott,0.0055,20684824.036484007,1779181.38502,51109358167525503124101840618196204295486048568333812245607026343682053354150,2028-11-07T00:00:00Z
2026-08-28T21:26:37.487949+00:00,republican-presidential-nominee-2028,Will Robert F. Kennedy Jr. win the 2028 Republican presidential nomination?,Robert F. Kennedy Jr.,0.0035,16798883.03505,1779516.07327,85795532452312461688342921814235563171225750416821603832877839950165564679042,2028-11-07T00:00:00Z
2026-08-28T21:26:37.487949+00:00,republican-presidential-nominee-2028,Will Brian Kemp win the 2028 Republican presidential nomination?,Brian Kemp,0.0035,17836870.257471997,919547.72737,109121432238307135312607668741094299588249627783575654034498708660414246884093,2028-11-07T00:00:00Z
2026-08-28T21:26:37.487949+00:00,republican-presidential-nominee-2028,Will Byron Donalds win the 2028 Republican presidential nomination?,Byron Donalds,0.0055,44394584.24441002,1935585.48049,311624663652221737215322113380496984764966764039692273354641152455298576851,2028-11-07T00:00:00Z
2026-08-28T21:26:37.487949+00:00,republican-presidential-nominee-2028,Will Elise Stefanik win the 2028 Republican presidential nomination?,Elise Stefanik,0.0045,27977860.16164201,2080275.05326,46762065358788748743762617584400316865170283087328708370205000691002445395596,2028-11-07T00:00:00Z
2026-08-28T21:26:37.487949+00:00,republican-presidential-nominee-2028,Will Josh Hawley win the 2028 Republican presidential nomination?,Josh Hawley,0.0035,20208070.619573995,1034114.07133,16959950591508656523048029588253513417107455151269158025695062757254216051157,2028-11-07T00:00:00Z
2026-08-28T21:26:37.487949+00:00,republican-presidential-nominee-2028,Will Ted Cruz win the 2028 Republican presidential nomination?,Ted Cruz,0.0095,18923176.21543099,947481.08611,75602319799101799832214450648958470414659751617273540482126444460192042893239,2028-11-07T00:00:00Z
2026-08-28T21:26:37.487949+00:00,republican-presidential-nominee-2028,Will Elon Musk win the 2028 Republican presidential nomination?,Elon Musk,0.0075,28916582.72884899,2161013.01842,97933607699985149274021900377397416175605196663149372937380275158258659161873,2028-11-07T00:00:00Z
2026-08-28T21:26:37.487949+00:00,republican-presidential-nominee-2028,Will Matt Gaetz win the 2028 Republican presidential nomination?,Matt Gaetz,0.0015,20219111.552417994,2164874.26656,21684611233679565633387313395955873024927822291738934804105644401703825367322,2028-11-07T00:00:00Z
2026-08-28T21:26:37.487949+00:00,republican-presidential-nominee-2028,Will Katie Britt win the 2028 Republican presidential nomination?,Katie Britt,0.0035,28869965.072618023,2093576.08732,42282542821681724515855150589432262778581936160356547088323204270366545065655,2028-11-07T00:00:00Z
2026-08-28T21:26:37.487949+00:00,republican-presidential-nominee-2028,Will John Thune win the 2028 Republican presidential nomination?,John Thune,0.0015,36877682.849502005,2191158.72974,70663522560386702809794077554934323058266367604787739541440326847712418734032,2028-11-07T00:00:00Z
2026-08-28T21:26:37.487949+00:00,republican-presidential-nominee-2028,Will Kristi Noem win the 2028 Republican presidential nomination?,Kristi Noem,0.0025,36121174.02259903,1904202.64595,46777072088650922464797852907503479539785178123001199763117403684202580813104,2028-11-07T00:00:00Z
2026-08-28T21:26:37.487949+00:00,republican-presidential-nominee-2028,Will Mike Pence win the 2028 Republican presidential nomination?,Mike Pence,0.0025,43390464.53443102,2118477.67583,110467341601356058460373968989438018821471776813704553223329002744055822742107,2028-11-07T00:00:00Z
2026-08-28T21:26:37.487949+00:00,republican-presidential-nominee-2028,Will Tucker Carlson win the 2028 Republican presidential nomination?,Tucker Carlson,0.0275,13716402.027993003,284944.70832,78994573210477487932611223094751007094801552166562252085708682076112788032998,2028-11-07T00:00:00Z
2026-08-28T21:26:37.487949+00:00,republican-presidential-nominee-2028,Will Robert F. Kennedy Jr. win the 2028 Republican presidential nomination?,Robert F. Kennedy Jr.,0.49,0.0,15.0,101111530035718313002630063667223773390280659464475179826167886169786528740234,2028-11-07T00:00:00Z
2026-08-28T21:26:37.487949+00:00,republican-presidential-nominee-2028,Will Ivanka Trump win the 2028 Republican presidential nomination?,Ivanka Trump,0.0075,8459718.241418002,875143.30569,64219883837418173804780196379638150140562767673275103175135949850170609939649,2028-11-07T00:00:00Z
2026-08-28T21:26:37.487949+00:00,republican-presidential-nominee-2028,Will Tom Brady win the 2028 Republican presidential nomination?,Tom Brady,0.0025,32907680.851228986,2164327.88815,45742939946094874824687417208711661205131461760422331277735745393193805349457,2028-11-07T00:00:00Z
2026-08-28T21:26:37.487949+00:00,republican-presidential-nominee-2028,Will Rand Paul win the 2028 Republican presidential nomination?,Rand Paul,0.0035,19276293.839138992,1613422.87435,56369772478534954338683665819559528414197495274302917800610633957542171787417,2028-11-07T00:00:00Z
2026-08-28T21:26:37.487949+00:00,republican-presidential-nominee-2028,Will Steve Bannon win the 2028 Republican presidential nomination?,Steve Bannon,0.0035,22917385.05543901,1930882.53012,76572162491038773682779378100661251853152133818805423848523216103658476280587,2028-11-07T00:00:00Z
2026-08-28T21:26:37.487949+00:00,republican-presidential-nominee-2028,Will Erika Kirk win the 2028 Republican presidential nomination?,Erika Kirk,0.0025,18691043.149151992,2095710.75793,36725157385158152303355940271421346899386884953712631735038848833359115722560,2028-11-07T00:00:00Z
2026-08-28T21:26:37.487949+00:00,republican-presidential-nominee-2028,Will Kim Kardashian win the 2028 Republican presidential nomination?,Kim Kardashian,0.0035,28534650.73630202,2301538.8966,10651968542740640896482407431367624536081358925965856338872110525887291512129,2028-11-07T00:00:00Z
2026-08-28T21:26:37.487949+00:00,republican-presidential-nominee-2028,Will Marjorie Taylor Greene win the 2028 Republican presidential nomination?,Marjorie Taylor Greene,0.0035,6695000.786191998,1041907.98772,65830295349944471218641822318218876930376684645620468557619951782520997909982,2028-11-07T00:00:00Z
2026-08-28T21:26:37.487949+00:00,republican-presidential-nominee-2028,Will Thomas Massie win the 2028 Republican presidential nomination?,Thomas Massie,0.0065,6035749.813458003,464306.02687,99700879015134724880665931256853704724897234270130475786057704135245843006310,2028-11-07T00:00:00Z
2026-08-28T21:26:37.487949+00:00,republican-presidential-nominee-2028,Will Eric Trump win the 2028 Republican presidential nomination?,Eric Trump,0.003,10011242.299053999,2075723.22565,57919459237478987490046512369779809927967587873586488155446781256559839871449,2028-11-07T00:00:00Z
2026-08-28T21:26:37.487949+00:00,republican-presidential-nominee-2028,Will Joe Kent win the 2028 Republican presidential nomination?,Joe Kent,0.0025,8716966.86654,1680442.67571,79109138136144804495019974949003266649145803384760006308278371005319168843129,2028-11-07T00:00:00Z
2026-08-28T21:26:37.487949+00:00,republican-presidential-nominee-2028,Will Pete Hegseth win the 2028 Republican presidential nomination?,Pete Hegseth,0.0025,8888523.773672005,1891785.48467,98511916129081689027111328481059704559518789751071585689160934736837069796376,2028-11-07T00:00:00Z
2026-08-28T21:26:37.487949+00:00,republican-presidential-nominee-2028,Will Candace Owens win the 2028 Republican presidential nomination?,Candace Owens,0.0025,634367.6628309999,1046025.29406,103583503429104930194497628126914667755033911422951268976034178026550261878964,2028-11-07T00:00:00Z
2026-08-28T21:26:37.487949+00:00,republican-presidential-nominee-2028,Will Tim Scott win the 2028 Republican presidential nomination?,Tim Scott,0.0005,517239.1731660001,1193426.905,5512848766124376052999423421512013003730876644177915544789164561934035500453,2028-11-07T00:00:00Z
2026-08-28T21:26:37.487949+00:00,republican-presidential-nominee-2028,Will Mike Johnson win the 2028 Republican presidential nomination?,Mike Johnson,0.0005,860112.3746650001,1036336.1263,67009680541631417178786187475736119267175409373964622166552697723052949294917,2028-11-07T00:00:00Z
2026-08-28T21:26:37.487949+00:00,republican-presidential-nominee-2028,Will Doug Burgum win the 2028 Republican presidential nomination?,Doug Burgum,0.0015,468455.00299999997,1284566.57807,93113471876116345683070495396509212560170369825152543269547431997634874178256,2028-11-07T00:00:00Z
2026-08-28T21:26:37.487949+00:00,republican-presidential-nominee-2028,Will Tom Cotton win the 2028 Republican presidential nomination?,Tom Cotton,0.0015,997127.0386660001,677083.05344,77183606580201228784494296983790614769416656107808766333251588423667839654708,2028-11-07T00:00:00Z
2026-08-28T21:26:37.487949+00:00,republican-presidential-nominee-2028,Will John N. Kennedy win the 2028 Republican presidential nomination?,John N. Kennedy,0.0015,430460.65,1258875.14963,52127875867399588054194710342778109102486347178324348183699958260007957798072,2028-11-07T00:00:00Z
2026-08-28T21:26:37.487949+00:00,republican-presidential-nominee-2028,Will Rick Scott win the 2028 Republican presidential nomination?,Rick Scott,0.0015,504837.25883299997,1246625.99706,76990036573500195136722475443009439521376701541203139741941762278494244594290,2028-11-07T00:00:00Z
2026-08-28T21:26:37.487949+00:00,which-party-wins-2028-us-presidential-election,Will the Republicans win the 2028 US Presidential Election?,Republican,0.405,1121718.1025890002,180660.7432,67109747366255871599717338045111308888043498275177238365560740200996017915657,2028-11-07T00:00:00Z
2026-08-28T21:26:37.487949+00:00,which-party-wins-2028-us-presidential-election,Will the Democrats win the 2028 US Presidential Election?,Democratic,0.575,980188.1887320003,178708.7531,49084048476353771153083262278964615095037480324537117350127265918750912547378,2028-11-07T00:00:00Z
