poll_date,pollster,candidate_lastname,pct
"June 27, 2026",270toWin[1],Harris,29.6
"June 27, 2026",270toWin[1],Newsom,16.8
"June 27, 2026",270toWin[1],Buttigieg,13.0
"June 27, 2026",270toWin[1],Ocasio-Cortez,9.3
"June 27, 2026",270toWin[1],Shapiro,8.0
"June 27, 2026",270toWin[1],Kelly,4.0
"June 27, 2026",270toWin[1],Beshear,3.6
"July 8, 2026",Real Clear Polling[2],Harris,28.9
"July 8, 2026",Real Clear Polling[2],Newsom,16.8
"July 8, 2026",Real Clear Polling[2],Buttigieg,12.6
"July 8, 2026",Real Clear Polling[2],Ocasio-Cortez,11.1
"July 8, 2026",Real Clear Polling[2],Shapiro,6.4
"July 8, 2026",Real Clear Polling[2],Kelly,5.6
"July 8, 2026",Real Clear Polling[2],Beshear,3.8
"July 13, 2026",Race to the WH[3],Harris,29.5
"July 13, 2026",Race to the WH[3],Newsom,16.7
"July 13, 2026",Race to the WH[3],Buttigieg,12.5
"July 13, 2026",Race to the WH[3],Ocasio-Cortez,10.1
"July 13, 2026",Race to the WH[3],Shapiro,6.1
"July 13, 2026",Race to the WH[3],Kelly,4.9
"July 13, 2026",Race to the WH[3],Beshear,3.3
"July 8, 2026",VoteHub[4],Harris,28.2
"July 8, 2026",VoteHub[4],Newsom,16.5
"July 8, 2026",VoteHub[4],Buttigieg,12.2
"July 8, 2026",VoteHub[4],Ocasio-Cortez,9.7
"July 8, 2026",VoteHub[4],Shapiro,6.5
"July 8, 2026",VoteHub[4],Beshear,3.3
Aggregate,Aggregate,Harris,29.1
Aggregate,Aggregate,Newsom,16.7
Aggregate,Aggregate,Buttigieg,12.6
Aggregate,Aggregate,Ocasio-Cortez,10.1
Aggregate,Aggregate,Shapiro,6.75
Aggregate,Aggregate,Kelly,4.8
Aggregate,Aggregate,Beshear,3.5
"August 7–11, 2026",Focaldata,Buttigieg,13.0
"August 7–11, 2026",Focaldata,Harris,26.0
"August 7–11, 2026",Focaldata,Newsom,15.0
"August 7–11, 2026",Focaldata,Ocasio-Cortez,9.0
"August 7–11, 2026",Focaldata,Shapiro,8.0
"August 7–11, 2026",Focaldata,Beshear,1.0
"August 7–11, 2026",Focaldata,Kelly,6.0
"August 2–4, 2026",Rasmussen Reports,Buttigieg,10.0
"August 2–4, 2026",Rasmussen Reports,Harris,37.0
"August 2–4, 2026",Rasmussen Reports,Newsom,14.0
"August 2–4, 2026",Rasmussen Reports,Ocasio-Cortez,9.0
"August 2–4, 2026",Rasmussen Reports,Shapiro,6.0
"August 2–4, 2026",Rasmussen Reports,Kelly,9.0
"July 24–27, 2026",Big Data Poll,Buttigieg,7.4
"July 24–27, 2026",Big Data Poll,Harris,29.7
"July 24–27, 2026",Big Data Poll,Newsom,14.3
"July 24–27, 2026",Big Data Poll,Ocasio-Cortez,8.6
"July 24–27, 2026",Big Data Poll,Shapiro,6.5
"July 24–27, 2026",Big Data Poll,Beshear,4.0
"July 24–27, 2026",Big Data Poll,Kelly,5.0
"July 15–21, 2026",McLauglin & Associates,Buttigieg,8.0
"July 15–21, 2026",McLauglin & Associates,Harris,28.0
"July 15–21, 2026",McLauglin & Associates,Newsom,18.0
"July 15–21, 2026",McLauglin & Associates,Ocasio-Cortez,10.0
"July 15–21, 2026",McLauglin & Associates,Shapiro,5.0
"July 15–21, 2026",McLauglin & Associates,Kelly,3.0
"July 20, 2026",J.L. Partners,Buttigieg,9.0
"July 20, 2026",J.L. Partners,Harris,31.0
"July 20, 2026",J.L. Partners,Newsom,15.0
"July 20, 2026",J.L. Partners,Ocasio-Cortez,7.0
"July 20, 2026",J.L. Partners,Shapiro,5.0
"July 20, 2026",J.L. Partners,Kelly,4.0
"July 19–20, 2026",Emerson College,Buttigieg,19.0
"July 19–20, 2026",Emerson College,Harris,8.0
"July 19–20, 2026",Emerson College,Newsom,17.0
"July 19–20, 2026",Emerson College,Ocasio-Cortez,13.0
"July 19–20, 2026",Emerson College,Shapiro,5.0
"July 19–20, 2026",Emerson College,Beshear,7.0
"July 9–13, 2026",Echelon Insights,Buttigieg,13.0
"July 9–13, 2026",Echelon Insights,Harris,21.0
"July 9–13, 2026",Echelon Insights,Newsom,14.0
"July 9–13, 2026",Echelon Insights,Ocasio-Cortez,9.0
"July 9–13, 2026",Echelon Insights,Shapiro,7.0
"July 9–13, 2026",Echelon Insights,Kelly,4.0
"July 11–12, 2026",Harvard Harris,Buttigieg,10.0
"July 11–12, 2026",Harvard Harris,Harris,37.0
"July 11–12, 2026",Harvard Harris,Newsom,24.0
"July 11–12, 2026",Harvard Harris,Ocasio-Cortez,9.0
"July 11–12, 2026",Harvard Harris,Shapiro,9.0
"July 3–7, 2026",Quantus Insights,Buttigieg,12.9
"July 3–7, 2026",Quantus Insights,Harris,35.3
"July 3–7, 2026",Quantus Insights,Newsom,17.7
"July 3–7, 2026",Quantus Insights,Ocasio-Cortez,11.1
"July 3–7, 2026",Quantus Insights,Shapiro,7.1
"July 1–6, 2026",Manhattan Institute,Buttigieg,13.0
"July 1–6, 2026",Manhattan Institute,Harris,19.0
"July 1–6, 2026",Manhattan Institute,Newsom,15.0
"July 1–6, 2026",Manhattan Institute,Ocasio-Cortez,12.0
"July 1–6, 2026",Manhattan Institute,Shapiro,4.0
"July 1–6, 2026",Manhattan Institute,Kelly,6.0
"July 1–4, 2026",Zogby,Buttigieg,9.0
"July 1–4, 2026",Zogby,Harris,38.0
"July 1–4, 2026",Zogby,Newsom,19.0
"July 1–4, 2026",Zogby,Ocasio-Cortez,12.0
"July 1–4, 2026",Zogby,Shapiro,7.0
"July 1–4, 2026",Zogby,Kelly,6.0
"June 26–30, 2026",Focaldata,Buttigieg,8.0
"June 26–30, 2026",Focaldata,Harris,33.0
"June 26–30, 2026",Focaldata,Newsom,15.0
"June 26–30, 2026",Focaldata,Ocasio-Cortez,9.0
"June 26–30, 2026",Focaldata,Shapiro,7.0
"June 26–30, 2026",Focaldata,Beshear,2.0
"June 26–30, 2026",Focaldata,Kelly,5.0
"June 24–26, 2026",Daily Mail/J.L. Partners,Buttigieg,11.0
"June 24–26, 2026",Daily Mail/J.L. Partners,Harris,29.0
"June 24–26, 2026",Daily Mail/J.L. Partners,Newsom,15.0
"June 24–26, 2026",Daily Mail/J.L. Partners,Ocasio-Cortez,6.0
"June 24–26, 2026",Daily Mail/J.L. Partners,Shapiro,3.0
"June 24–26, 2026",Daily Mail/J.L. Partners,Beshear,3.0
"June 24–26, 2026",Daily Mail/J.L. Partners,Kelly,5.0
"June 17–23, 2026",McLauglin & Associates,Buttigieg,8.0
"June 17–23, 2026",McLauglin & Associates,Harris,26.0
"June 17–23, 2026",McLauglin & Associates,Newsom,16.0
"June 17–23, 2026",McLauglin & Associates,Ocasio-Cortez,9.0
"June 17–23, 2026",McLauglin & Associates,Shapiro,5.0
"June 17–23, 2026",McLauglin & Associates,Kelly,3.0
"June 11–14, 2026",Echelon Insights,Buttigieg,14.0
"June 11–14, 2026",Echelon Insights,Harris,20.0
"June 11–14, 2026",Echelon Insights,Newsom,14.0
"June 11–14, 2026",Echelon Insights,Ocasio-Cortez,12.0
"June 11–14, 2026",Echelon Insights,Shapiro,6.0
"June 11–14, 2026",Echelon Insights,Beshear,2.0
"June 11–14, 2026",Echelon Insights,Kelly,4.0
June 2026,The Public Sentiment Institute,Buttigieg,11.3
June 2026,The Public Sentiment Institute,Harris,29.2
June 2026,The Public Sentiment Institute,Newsom,15.2
June 2026,The Public Sentiment Institute,Ocasio-Cortez,7.2
June 2026,The Public Sentiment Institute,Beshear,3.2
June 2026,The Public Sentiment Institute,Kelly,6.1
"June 1–4, 2026",Noble Predictive Insights[p],Buttigieg,11.0
"June 1–4, 2026",Noble Predictive Insights[p],Harris,27.0
"June 1–4, 2026",Noble Predictive Insights[p],Newsom,14.0
"June 1–4, 2026",Noble Predictive Insights[p],Ocasio-Cortez,8.0
"June 1–4, 2026",Noble Predictive Insights[p],Beshear,2.0
"May 29–June 1, 2026",Focaldata,Buttigieg,8.0
"May 29–June 1, 2026",Focaldata,Harris,37.0
"May 29–June 1, 2026",Focaldata,Newsom,17.0
"May 29–June 1, 2026",Focaldata,Ocasio-Cortez,7.0
"May 29–June 1, 2026",Focaldata,Shapiro,3.0
"May 29–June 1, 2026",Focaldata,Beshear,3.0
"May 29–June 1, 2026",Focaldata,Kelly,5.0
"May 29–31, 2026",Harvard Harris,Harris,44.0
"May 29–31, 2026",Harvard Harris,Newsom,26.0
"May 29–31, 2026",Harvard Harris,Ocasio-Cortez,8.0
"May 29–31, 2026",Harvard Harris,Shapiro,10.0
"May 26–28, 2026",I&I/TIPP,Buttigieg,6.0
"May 26–28, 2026",I&I/TIPP,Harris,31.0
"May 26–28, 2026",I&I/TIPP,Newsom,14.0
"May 26–28, 2026",I&I/TIPP,Ocasio-Cortez,5.0
"May 26–28, 2026",I&I/TIPP,Shapiro,6.0
"May 26–28, 2026",I&I/TIPP,Beshear,2.0
"May 26–28, 2026",I&I/TIPP,Kelly,4.0
"May 24–25, 2026",Emerson College,Buttigieg,9.9
"May 24–25, 2026",Emerson College,Harris,17.9
"May 24–25, 2026",Emerson College,Newsom,15.9
"May 24–25, 2026",Emerson College,Ocasio-Cortez,11.1
"May 24–25, 2026",Emerson College,Shapiro,10.0
"May 24–25, 2026",Emerson College,Beshear,8.5
"May 18–20, 2026",Rasmussen Reports,Buttigieg,10.0
"May 18–20, 2026",Rasmussen Reports,Harris,34.0
"May 18–20, 2026",Rasmussen Reports,Newsom,12.0
"May 18–20, 2026",Rasmussen Reports,Ocasio-Cortez,11.0
"May 18–20, 2026",Rasmussen Reports,Shapiro,9.0
"May 18–20, 2026",Rasmussen Reports,Beshear,4.0
"May 18–20, 2026",Rasmussen Reports,Kelly,9.0
"May 16–20, 2026",Overton Insights,Buttigieg,16.0
"May 16–20, 2026",Overton Insights,Harris,9.0
"May 16–20, 2026",Overton Insights,Newsom,13.0
"May 16–20, 2026",Overton Insights,Ocasio-Cortez,12.0
"May 16–20, 2026",Overton Insights,Shapiro,8.0
"May 16–20, 2026",Overton Insights,Beshear,3.0
"May 16–20, 2026",Overton Insights,Kelly,4.0
"May 14–18, 2026",Echelon Insights,Buttigieg,10.0
"May 14–18, 2026",Echelon Insights,Harris,23.0
"May 14–18, 2026",Echelon Insights,Newsom,17.0
"May 14–18, 2026",Echelon Insights,Ocasio-Cortez,11.0
"May 14–18, 2026",Echelon Insights,Shapiro,5.0
"May 14–18, 2026",Echelon Insights,Beshear,2.0
"May 14–18, 2026",Echelon Insights,Kelly,6.0
"May 12–18, 2026",McLaughlin & Associates,Buttigieg,9.0
"May 12–18, 2026",McLaughlin & Associates,Harris,28.0
"May 12–18, 2026",McLaughlin & Associates,Newsom,16.0
"May 12–18, 2026",McLaughlin & Associates,Ocasio-Cortez,7.0
"May 12–18, 2026",McLaughlin & Associates,Shapiro,6.0
"May 6–11, 2026",Lake Research Partners,Buttigieg,16.0
"May 6–11, 2026",Lake Research Partners,Harris,26.0
"May 6–11, 2026",Lake Research Partners,Newsom,17.0
"May 6–11, 2026",Lake Research Partners,Ocasio-Cortez,10.0
"May 6–11, 2026",Lake Research Partners,Shapiro,7.0
"May 6–11, 2026",Lake Research Partners,Beshear,2.0
"May 6–11, 2026",Lake Research Partners,Kelly,8.0
"May 4–7, 2026",AtlasIntel,Buttigieg,22.4
"May 4–7, 2026",AtlasIntel,Harris,12.9
"May 4–7, 2026",AtlasIntel,Newsom,21.2
"May 4–7, 2026",AtlasIntel,Ocasio-Cortez,26.0
"May 4–7, 2026",AtlasIntel,Shapiro,2.4
"May 4–7, 2026",AtlasIntel,Beshear,4.1
"May 1–5, 2026",Focaldata,Buttigieg,9.0
"May 1–5, 2026",Focaldata,Harris,38.0
"May 1–5, 2026",Focaldata,Newsom,16.0
"May 1–5, 2026",Focaldata,Ocasio-Cortez,9.0
"May 1–5, 2026",Focaldata,Shapiro,5.0
"May 1–5, 2026",Focaldata,Beshear,2.0
"May 1–5, 2026",Focaldata,Kelly,5.0
"April 23–26, 2026",Harvard Harris,Harris,50.0
"April 23–26, 2026",Harvard Harris,Newsom,22.0
"April 23–26, 2026",Harvard Harris,Ocasio-Cortez,8.0
"April 23–26, 2026",Harvard Harris,Shapiro,9.0
"April 21–23, 2026",Verasight,Buttigieg,12.0
"April 21–23, 2026",Verasight,Harris,22.0
"April 21–23, 2026",Verasight,Newsom,15.0
"April 21–23, 2026",Verasight,Ocasio-Cortez,13.0
"April 21–23, 2026",Verasight,Shapiro,4.0
"April 21–23, 2026",Verasight,Kelly,6.0
"April 17–20, 2026",Echelon Insights,Buttigieg,12.0
"April 17–20, 2026",Echelon Insights,Harris,22.0
"April 17–20, 2026",Echelon Insights,Newsom,21.0
"April 17–20, 2026",Echelon Insights,Ocasio-Cortez,10.0
"April 17–20, 2026",Echelon Insights,Shapiro,5.0
"April 17–20, 2026",Echelon Insights,Beshear,2.0
"April 17–20, 2026",Echelon Insights,Kelly,3.0
"April 8–15, 2026",McLaughlin & Associates,Buttigieg,10.0
"April 8–15, 2026",McLaughlin & Associates,Harris,29.0
"April 8–15, 2026",McLaughlin & Associates,Newsom,15.0
"April 8–15, 2026",McLaughlin & Associates,Ocasio-Cortez,4.0
"April 8–15, 2026",McLaughlin & Associates,Shapiro,4.0
"April 8–13, 2026",YouGov,Buttigieg,9.0
"April 8–13, 2026",YouGov,Harris,24.0
"April 8–13, 2026",YouGov,Newsom,12.0
"April 8–13, 2026",YouGov,Ocasio-Cortez,9.0
"April 8–13, 2026",YouGov,Shapiro,5.0
"March 25–26, 2026",Harvard Harris,Harris,41.0
"March 25–26, 2026",Harvard Harris,Newsom,26.0
"March 25–26, 2026",Harvard Harris,Ocasio-Cortez,8.0
"March 25–26, 2026",Harvard Harris,Shapiro,10.0
"March 20, 2026",The Public Sentiment Institute,Buttigieg,20.8
"March 20, 2026",The Public Sentiment Institute,Harris,14.8
"March 20, 2026",The Public Sentiment Institute,Newsom,13.4
"March 20, 2026",The Public Sentiment Institute,Ocasio-Cortez,3.5
"March 20, 2026",The Public Sentiment Institute,Shapiro,10.4
"March 18–20, 2026",JL Partners/Daily Mail,Buttigieg,11.0
"March 18–20, 2026",JL Partners/Daily Mail,Harris,22.0
"March 18–20, 2026",JL Partners/Daily Mail,Newsom,19.0
"March 18–20, 2026",JL Partners/Daily Mail,Ocasio-Cortez,7.0
"March 18–20, 2026",JL Partners/Daily Mail,Shapiro,8.0
"March 18–20, 2026",JL Partners/Daily Mail,Beshear,3.0
"March 18–20, 2026",JL Partners/Daily Mail,Kelly,5.0
"March 12–16, 2026",Echelon Insights,Buttigieg,9.0
"March 12–16, 2026",Echelon Insights,Harris,21.0
"March 12–16, 2026",Echelon Insights,Newsom,19.0
"March 12–16, 2026",Echelon Insights,Ocasio-Cortez,11.0
"March 12–16, 2026",Echelon Insights,Shapiro,5.0
"March 12–16, 2026",Echelon Insights,Beshear,4.0
"March 12–16, 2026",Echelon Insights,Kelly,4.0
"March 6–10, 2026",Focaldata,Buttigieg,8.0
"March 6–10, 2026",Focaldata,Harris,39.0
"March 6–10, 2026",Focaldata,Newsom,22.0
"March 6–10, 2026",Focaldata,Ocasio-Cortez,11.0
"March 6–10, 2026",Focaldata,Shapiro,6.0
"March 6–10, 2026",Focaldata,Beshear,2.0
"March 6–10, 2026",Focaldata,Kelly,4.0
"March 4–9, 2026",McLaughlin & Associates,Buttigieg,9.0
"March 4–9, 2026",McLaughlin & Associates,Harris,20.0
"March 4–9, 2026",McLaughlin & Associates,Newsom,19.0
"March 4–9, 2026",McLaughlin & Associates,Ocasio-Cortez,11.0
"March 4–9, 2026",McLaughlin & Associates,Shapiro,5.0
"March 3–9, 2026",Yale Youth Poll,Buttigieg,13.9
"March 3–9, 2026",Yale Youth Poll,Harris,19.7
"March 3–9, 2026",Yale Youth Poll,Newsom,19.2
"March 3–9, 2026",Yale Youth Poll,Ocasio-Cortez,12.7
"March 3–9, 2026",Yale Youth Poll,Shapiro,3.5
"March 3–9, 2026",Yale Youth Poll,Beshear,2.4
"March 3–9, 2026",Yale Youth Poll,Kelly,6.7
"March 2–5, 2026",Noble Predictive Insights,Buttigieg,7.0
"March 2–5, 2026",Noble Predictive Insights,Harris,31.0
"March 2–5, 2026",Noble Predictive Insights,Newsom,16.0
"March 2–5, 2026",Noble Predictive Insights,Ocasio-Cortez,6.0
"March 2–5, 2026",Noble Predictive Insights,Shapiro,5.0
"February 28, 2026",The Public Sentiment Institute,Buttigieg,9.3
"February 28, 2026",The Public Sentiment Institute,Harris,15.2
"February 28, 2026",The Public Sentiment Institute,Newsom,29.3
"February 28, 2026",The Public Sentiment Institute,Ocasio-Cortez,5.8
"February 28, 2026",The Public Sentiment Institute,Shapiro,7.0
"February 25–27, 2026",J.L. Partners,Buttigieg,10.0
"February 25–27, 2026",J.L. Partners,Harris,23.0
"February 25–27, 2026",J.L. Partners,Newsom,19.0
"February 25–27, 2026",J.L. Partners,Ocasio-Cortez,9.0
"February 25–27, 2026",J.L. Partners,Shapiro,5.0
"February 25–26, 2026",Harvard Harris,Harris,39.0
"February 25–26, 2026",Harvard Harris,Newsom,24.0
"February 25–26, 2026",Harvard Harris,Ocasio-Cortez,14.0
"February 25–26, 2026",Harvard Harris,Shapiro,10.0
"February 19–23, 2026",Echelon Insights,Buttigieg,8.0
"February 19–23, 2026",Echelon Insights,Harris,18.0
"February 19–23, 2026",Echelon Insights,Newsom,24.0
"February 19–23, 2026",Echelon Insights,Ocasio-Cortez,9.0
"February 19–23, 2026",Echelon Insights,Shapiro,4.0
"February 19–23, 2026",Echelon Insights,Beshear,2.0
"February 19–23, 2026",Echelon Insights,Kelly,4.0
"February 21–22, 2026",Emerson College,Buttigieg,16.0
"February 21–22, 2026",Emerson College,Harris,13.0
"February 21–22, 2026",Emerson College,Newsom,20.0
"February 21–22, 2026",Emerson College,Ocasio-Cortez,9.0
"February 21–22, 2026",Emerson College,Shapiro,7.0
"February 21–22, 2026",Emerson College,Beshear,5.0
"February 13–18, 2026",YouGov/BGSU,Buttigieg,11.0
"February 13–18, 2026",YouGov/BGSU,Harris,18.0
"February 13–18, 2026",YouGov/BGSU,Newsom,21.0
"February 13–18, 2026",YouGov/BGSU,Ocasio-Cortez,11.0
"February 13–18, 2026",YouGov/BGSU,Shapiro,3.0
"February 13–18, 2026",YouGov/BGSU,Beshear,3.0
"February 13–18, 2026",YouGov/BGSU,Kelly,7.0
"February 6–15, 2026",Manhattan Institute,Buttigieg,8.0
"February 6–15, 2026",Manhattan Institute,Harris,23.0
"February 6–15, 2026",Manhattan Institute,Newsom,20.0
"February 6–15, 2026",Manhattan Institute,Ocasio-Cortez,7.0
"February 6–15, 2026",Manhattan Institute,Shapiro,5.0
"February 6–15, 2026",Manhattan Institute,Beshear,2.0
"February 6–15, 2026",Manhattan Institute,Kelly,4.0
"February 9–12, 2026",YouGov/Yahoo,Buttigieg,13.0
"February 9–12, 2026",YouGov/Yahoo,Harris,18.0
"February 9–12, 2026",YouGov/Yahoo,Newsom,19.0
"February 9–12, 2026",YouGov/Yahoo,Ocasio-Cortez,12.0
"February 9–12, 2026",YouGov/Yahoo,Kelly,9.0
"February 10, 2026",Focaldata,Buttigieg,7.0
"February 10, 2026",Focaldata,Harris,39.0
"February 10, 2026",Focaldata,Newsom,21.0
"February 10, 2026",Focaldata,Ocasio-Cortez,10.0
"February 10, 2026",Focaldata,Shapiro,7.0
"January 28–29, 2026",Harvard Harris,Harris,39.0
"January 28–29, 2026",Harvard Harris,Newsom,30.0
"January 28–29, 2026",Harvard Harris,Ocasio-Cortez,12.0
"January 28–29, 2026",Harvard Harris,Shapiro,9.0
"January 27–29, 2026",I&I/TIPP,Buttigieg,5.0
"January 27–29, 2026",I&I/TIPP,Harris,38.0
"January 27–29, 2026",I&I/TIPP,Newsom,13.0
"January 27–29, 2026",I&I/TIPP,Ocasio-Cortez,2.0
"January 27–29, 2026",I&I/TIPP,Shapiro,4.0
"January 25–27, 2026",Rasmussen Reports,Buttigieg,10.0
"January 25–27, 2026",Rasmussen Reports,Harris,34.0
"January 25–27, 2026",Rasmussen Reports,Newsom,20.0
"January 25–27, 2026",Rasmussen Reports,Ocasio-Cortez,7.0
"January 25–27, 2026",Rasmussen Reports,Shapiro,10.0
"January 21–27, 2026",McLaughlin & Associates,Buttigieg,8.0
"January 21–27, 2026",McLaughlin & Associates,Harris,27.0
"January 21–27, 2026",McLaughlin & Associates,Newsom,14.0
"January 21–27, 2026",McLaughlin & Associates,Ocasio-Cortez,7.0
"January 21–27, 2026",McLaughlin & Associates,Shapiro,4.0
"January 22–26, 2026",Echelon Insights,Buttigieg,8.0
"January 22–26, 2026",Echelon Insights,Harris,21.0
"January 22–26, 2026",Echelon Insights,Newsom,27.0
"January 22–26, 2026",Echelon Insights,Ocasio-Cortez,9.0
"January 22–26, 2026",Echelon Insights,Shapiro,3.0
"January 22–26, 2026",Echelon Insights,Beshear,2.0
"January 22–26, 2026",Echelon Insights,Kelly,4.0
"January 22–24, 2026",Big Data Poll,Buttigieg,11.7
"January 22–24, 2026",Big Data Poll,Harris,31.4
"January 22–24, 2026",Big Data Poll,Newsom,22.2
"January 22–24, 2026",Big Data Poll,Ocasio-Cortez,6.4
"January 22–24, 2026",Big Data Poll,Shapiro,6.1
"January 22–24, 2026",Big Data Poll,Beshear,2.5
"January 9–14, 2026",YouGov,Buttigieg,8.0
"January 9–14, 2026",YouGov,Harris,20.0
"January 9–14, 2026",YouGov,Newsom,17.0
"January 9–14, 2026",YouGov,Ocasio-Cortez,9.0
"January 9–14, 2026",YouGov,Shapiro,2.0
"January 9–14, 2026",YouGov,Beshear,2.0
"January 9–14, 2026",YouGov,Kelly,7.0
"January 1–7, 2026",Zogby Analytics,Buttigieg,8.0
"January 1–7, 2026",Zogby Analytics,Harris,30.0
"January 1–7, 2026",Zogby Analytics,Newsom,21.0
"January 1–7, 2026",Zogby Analytics,Ocasio-Cortez,11.0
"January 1–7, 2026",Zogby Analytics,Shapiro,6.0
"January 1–7, 2026",Zogby Analytics,Kelly,7.0
"December 17–19, 2025",J. L. Partners/Daily Mail[better source needed],Buttigieg,7.0
"December 17–19, 2025",J. L. Partners/Daily Mail[better source needed],Harris,30.0
"December 17–19, 2025",J. L. Partners/Daily Mail[better source needed],Newsom,21.0
"December 17–19, 2025",J. L. Partners/Daily Mail[better source needed],Ocasio-Cortez,3.0
"December 17–19, 2025",J. L. Partners/Daily Mail[better source needed],Shapiro,4.0
"December 15–19, 2025",Atlas Intel,Buttigieg,14.5
"December 15–19, 2025",Atlas Intel,Harris,7.8
"December 15–19, 2025",Atlas Intel,Newsom,35.4
"December 15–19, 2025",Atlas Intel,Ocasio-Cortez,16.0
"December 15–19, 2025",Atlas Intel,Shapiro,6.1
"December 12–19, 2025",McLaughlin & Associates,Buttigieg,8.0
"December 12–19, 2025",McLaughlin & Associates,Harris,27.0
"December 12–19, 2025",McLaughlin & Associates,Newsom,17.0
"December 12–19, 2025",McLaughlin & Associates,Ocasio-Cortez,6.0
"December 12–19, 2025",McLaughlin & Associates,Shapiro,5.0
"December 11–15, 2025",Echelon Insights,Buttigieg,11.0
"December 11–15, 2025",Echelon Insights,Harris,22.0
"December 11–15, 2025",Echelon Insights,Newsom,23.0
"December 11–15, 2025",Echelon Insights,Ocasio-Cortez,6.0
"December 11–15, 2025",Echelon Insights,Shapiro,4.0
"December 10–12, 2025",Big Data Poll,Buttigieg,10.0
"December 10–12, 2025",Big Data Poll,Harris,31.0
"December 10–12, 2025",Big Data Poll,Newsom,20.0
"December 10–12, 2025",Big Data Poll,Ocasio-Cortez,6.0
"December 10–12, 2025",Big Data Poll,Shapiro,6.0
"November 17–24, 2025",McLaughlin & Associates,Buttigieg,8.0
"November 17–24, 2025",McLaughlin & Associates,Harris,29.0
"November 17–24, 2025",McLaughlin & Associates,Newsom,20.0
"November 17–24, 2025",McLaughlin & Associates,Ocasio-Cortez,6.0
"November 17–24, 2025",McLaughlin & Associates,Shapiro,4.0
"November 13–17, 2025",Echelon Insights,Buttigieg,12.0
"November 13–17, 2025",Echelon Insights,Harris,17.0
"November 13–17, 2025",Echelon Insights,Newsom,29.0
"November 13–17, 2025",Echelon Insights,Ocasio-Cortez,6.0
"November 13–17, 2025",Echelon Insights,Shapiro,3.0
"October 29 – November 11, 2025",Yale Youth Poll,Buttigieg,14.0
"October 29 – November 11, 2025",Yale Youth Poll,Harris,18.0
"October 29 – November 11, 2025",Yale Youth Poll,Newsom,25.0
"October 29 – November 11, 2025",Yale Youth Poll,Ocasio-Cortez,16.0
"October 29 – November 11, 2025",Yale Youth Poll,Shapiro,4.0
"November 7–9, 2025",Morning Consult,Buttigieg,8.0
"November 7–9, 2025",Morning Consult,Harris,29.0
"November 7–9, 2025",Morning Consult,Newsom,20.0
"November 7–9, 2025",Morning Consult,Ocasio-Cortez,7.0
"November 6–9, 2025",YouGov,Buttigieg,10.0
"November 6–9, 2025",YouGov,Harris,21.0
"November 6–9, 2025",YouGov,Newsom,19.0
"November 6–9, 2025",YouGov,Ocasio-Cortez,6.0
"November 6–9, 2025",YouGov,Shapiro,3.0
"November 3–4, 2025",Emerson College,Buttigieg,8.6
"November 3–4, 2025",Emerson College,Harris,10.3
"November 3–4, 2025",Emerson College,Newsom,24.5
"November 3–4, 2025",Emerson College,Ocasio-Cortez,2.8
"November 3–4, 2025",Emerson College,Shapiro,2.6
"October 27–29, 2025",Overton Insights,Buttigieg,7.0
"October 27–29, 2025",Overton Insights,Harris,35.0
"October 27–29, 2025",Overton Insights,Newsom,23.0
"October 27–29, 2025",Overton Insights,Ocasio-Cortez,7.0
"October 27–29, 2025",Overton Insights,Shapiro,3.0
"October 21–27, 2025",McLaughlin & Associates,Buttigieg,6.0
"October 21–27, 2025",McLaughlin & Associates,Harris,25.0
"October 21–27, 2025",McLaughlin & Associates,Newsom,22.0
"October 21–27, 2025",McLaughlin & Associates,Ocasio-Cortez,4.0
"October 21–27, 2025",McLaughlin & Associates,Shapiro,6.0
"October 16–20, 2025",Echelon Insights,Buttigieg,10.0
"October 16–20, 2025",Echelon Insights,Harris,24.0
"October 16–20, 2025",Echelon Insights,Newsom,15.0
"October 16–20, 2025",Echelon Insights,Ocasio-Cortez,4.0
"October 16–20, 2025",Echelon Insights,Shapiro,5.0
"October 2–6, 2025",Noble Predictive Insights,Buttigieg,7.0
"October 2–6, 2025",Noble Predictive Insights,Harris,33.0
"October 2–6, 2025",Noble Predictive Insights,Newsom,21.0
"October 2–6, 2025",Noble Predictive Insights,Ocasio-Cortez,8.0
"October 2–6, 2025",Noble Predictive Insights,Shapiro,4.0
"September 26–29, 2025",Leger360,Buttigieg,9.0
"September 26–29, 2025",Leger360,Harris,24.0
"September 26–29, 2025",Leger360,Newsom,19.0
"September 26–29, 2025",Leger360,Ocasio-Cortez,9.0
"September 26–29, 2025",Leger360,Shapiro,8.0
"September 17–22, 2025",McLaughlin & Associates,Buttigieg,7.0
"September 17–22, 2025",McLaughlin & Associates,Harris,21.0
"September 17–22, 2025",McLaughlin & Associates,Newsom,22.0
"September 17–22, 2025",McLaughlin & Associates,Ocasio-Cortez,5.0
"September 17–22, 2025",McLaughlin & Associates,Shapiro,4.0
"September 18–22, 2025",Echelon Insights,Buttigieg,7.0
"September 18–22, 2025",Echelon Insights,Harris,23.0
"September 18–22, 2025",Echelon Insights,Newsom,17.0
"September 18–22, 2025",Echelon Insights,Ocasio-Cortez,7.0
"September 18–22, 2025",Echelon Insights,Shapiro,6.0
"September 12–16, 2025",Atlas Intel,Buttigieg,12.1
"September 12–16, 2025",Atlas Intel,Harris,20.5
"September 12–16, 2025",Atlas Intel,Newsom,37.4
"September 12–16, 2025",Atlas Intel,Ocasio-Cortez,10.8
"September 12–16, 2025",Atlas Intel,Shapiro,2.1
"September 5–8, 2025",YouGov,Buttigieg,6.0
"September 5–8, 2025",YouGov,Harris,19.0
"September 5–8, 2025",YouGov,Newsom,23.0
"September 5–8, 2025",YouGov,Ocasio-Cortez,8.0
"August 29 – September 2, 2025",YouGov/Yahoo,Buttigieg,10.0
"August 29 – September 2, 2025",YouGov/Yahoo,Harris,19.0
"August 29 – September 2, 2025",YouGov/Yahoo,Newsom,21.0
"August 29 – September 2, 2025",YouGov/Yahoo,Ocasio-Cortez,12.0
"August 29 – September 2, 2025",YouGov/Yahoo,Shapiro,4.0
"August 29–31, 2025",Leger360,Buttigieg,8.0
"August 29–31, 2025",Leger360,Harris,30.0
"August 29–31, 2025",Leger360,Newsom,24.0
"August 29–31, 2025",Leger360,Ocasio-Cortez,10.0
"August 29–31, 2025",Leger360,Shapiro,2.0
"August 21–26, 2025",McLaughlin & Associates,Buttigieg,9.0
"August 21–26, 2025",McLaughlin & Associates,Harris,27.0
"August 21–26, 2025",McLaughlin & Associates,Newsom,18.0
"August 21–26, 2025",McLaughlin & Associates,Ocasio-Cortez,4.0
"August 21–26, 2025",McLaughlin & Associates,Shapiro,3.0
"August 25–26, 2025",Emerson College,Buttigieg,16.0
"August 25–26, 2025",Emerson College,Harris,11.4
"August 25–26, 2025",Emerson College,Newsom,25.1
"August 25–26, 2025",Emerson College,Ocasio-Cortez,4.1
"August 25–26, 2025",Emerson College,Shapiro,5.3
"August 22–24, 2025",Morning Consult,Buttigieg,9.0
"August 22–24, 2025",Morning Consult,Harris,29.0
"August 22–24, 2025",Morning Consult,Newsom,19.0
"August 22–24, 2025",Morning Consult,Ocasio-Cortez,6.0
"August 22–24, 2025",Morning Consult,Shapiro,4.0
"August 14–18, 2025",Echelon Insights,Buttigieg,11.0
"August 14–18, 2025",Echelon Insights,Harris,26.0
"August 14–18, 2025",Echelon Insights,Newsom,13.0
"August 14–18, 2025",Echelon Insights,Ocasio-Cortez,6.0
"August 14–18, 2025",Echelon Insights,Shapiro,3.0
"July 13–18, 2025",Atlas Intel,Buttigieg,26.7
"July 13–18, 2025",Atlas Intel,Harris,14.5
"July 13–18, 2025",Atlas Intel,Newsom,15.8
"July 13–18, 2025",Atlas Intel,Ocasio-Cortez,18.5
"July 13–18, 2025",Atlas Intel,Shapiro,3.2
"July 10–14, 2025",Echelon Insights,Buttigieg,11.0
"July 10–14, 2025",Echelon Insights,Harris,26.0
"July 10–14, 2025",Echelon Insights,Newsom,10.0
"July 10–14, 2025",Echelon Insights,Ocasio-Cortez,6.0
"July 10–14, 2025",Echelon Insights,Shapiro,4.0
"July 9–14, 2025",McLaughlin & Associates,Buttigieg,8.0
"July 9–14, 2025",McLaughlin & Associates,Harris,25.0
"July 9–14, 2025",McLaughlin & Associates,Newsom,9.0
"July 9–14, 2025",McLaughlin & Associates,Ocasio-Cortez,9.0
"July 9–14, 2025",McLaughlin & Associates,Shapiro,4.0
"June 25–26, and 29, 2025",Rasmussen Reports,Buttigieg,8.0
"June 25–26, and 29, 2025",Rasmussen Reports,Harris,22.0
"June 25–26, and 29, 2025",Rasmussen Reports,Newsom,12.0
"June 25–26, and 29, 2025",Rasmussen Reports,Ocasio-Cortez,6.0
"June 25–26, and 29, 2025",Rasmussen Reports,Shapiro,12.0
"June 23–26, 2025",Overton Insights,Buttigieg,11.0
"June 23–26, 2025",Overton Insights,Harris,38.0
"June 23–26, 2025",Overton Insights,Newsom,10.0
"June 23–26, 2025",Overton Insights,Ocasio-Cortez,7.0
"June 23–26, 2025",Overton Insights,Shapiro,7.0
"June 24–25, 2025",Emerson College,Buttigieg,16.0
"June 24–25, 2025",Emerson College,Harris,13.0
"June 24–25, 2025",Emerson College,Newsom,12.0
"June 24–25, 2025",Emerson College,Ocasio-Cortez,7.0
"June 24–25, 2025",Emerson College,Shapiro,7.0
"June 12–16, 2025",co/efficient,Buttigieg,11.0
"June 12–16, 2025",co/efficient,Harris,26.0
"June 12–16, 2025",co/efficient,Newsom,21.0
"June 12–16, 2025",co/efficient,Ocasio-Cortez,14.0
"June 12–16, 2025",co/efficient,Shapiro,3.0
"June 10–15, 2025",McLaughlin & Associates,Buttigieg,10.0
"June 10–15, 2025",McLaughlin & Associates,Harris,30.0
"June 10–15, 2025",McLaughlin & Associates,Newsom,8.0
"June 10–15, 2025",McLaughlin & Associates,Ocasio-Cortez,7.0
"June 10–15, 2025",McLaughlin & Associates,Shapiro,3.0
"June 13–15, 2025",Morning Consult,Buttigieg,7.0
"June 13–15, 2025",Morning Consult,Harris,34.0
"June 13–15, 2025",Morning Consult,Newsom,11.0
"June 13–15, 2025",Morning Consult,Ocasio-Cortez,7.0
"June 13–15, 2025",Morning Consult,Shapiro,2.0
"May 21–27, 2025",Atlas Intel,Buttigieg,31.5
"May 21–27, 2025",Atlas Intel,Harris,16.6
"May 21–27, 2025",Atlas Intel,Newsom,7.1
"May 21–27, 2025",Atlas Intel,Ocasio-Cortez,19.4
"May 21–27, 2025",Atlas Intel,Shapiro,4.8
"May 21–26, 2025",McLaughlin & Associates,Buttigieg,10.0
"May 21–26, 2025",McLaughlin & Associates,Harris,29.0
"May 21–26, 2025",McLaughlin & Associates,Newsom,4.0
"May 21–26, 2025",McLaughlin & Associates,Ocasio-Cortez,9.0
"May 21–26, 2025",McLaughlin & Associates,Shapiro,6.0
"May 8–12, 2025",Echelon Insights,Buttigieg,10.0
"May 8–12, 2025",Echelon Insights,Harris,32.0
"May 8–12, 2025",Echelon Insights,Newsom,5.0
"May 8–12, 2025",Echelon Insights,Ocasio-Cortez,8.0
"May 8–12, 2025",Echelon Insights,Shapiro,2.0
"April 22–29, 2025",McLaughlin & Associates,Buttigieg,6.0
"April 22–29, 2025",McLaughlin & Associates,Harris,30.0
"April 22–29, 2025",McLaughlin & Associates,Newsom,8.0
"April 22–29, 2025",McLaughlin & Associates,Ocasio-Cortez,8.0
"April 22–29, 2025",McLaughlin & Associates,Shapiro,4.0
"April 21–23, 2025",YouGov/The Times,Buttigieg,9.0
"April 21–23, 2025",YouGov/The Times,Harris,28.0
"April 21–23, 2025",YouGov/The Times,Newsom,7.0
"April 21–23, 2025",YouGov/The Times,Ocasio-Cortez,7.0
"April 21–23, 2025",YouGov/The Times,Shapiro,4.0
"April 21–23, 2025",Quantus Insights,Buttigieg,13.0
"April 21–23, 2025",Quantus Insights,Harris,30.0
"April 21–23, 2025",Quantus Insights,Newsom,7.0
"April 21–23, 2025",Quantus Insights,Ocasio-Cortez,14.0
"April 21–23, 2025",Quantus Insights,Shapiro,5.0
"April 10–14, 2025",Atlas Intel,Buttigieg,28.0
"April 10–14, 2025",Atlas Intel,Harris,24.0
"April 10–14, 2025",Atlas Intel,Newsom,7.0
"April 10–14, 2025",Atlas Intel,Ocasio-Cortez,16.0
"April 9–14, 2025",Data For Progress,Buttigieg,14.0
"April 9–14, 2025",Data For Progress,Harris,18.0
"April 9–14, 2025",Data For Progress,Newsom,8.0
"April 9–14, 2025",Data For Progress,Ocasio-Cortez,12.0
"April 9–14, 2025",Data For Progress,Shapiro,5.0
"April 10–14, 2025",Echelon Insights,Buttigieg,7.0
"April 10–14, 2025",Echelon Insights,Harris,28.0
"April 10–14, 2025",Echelon Insights,Newsom,4.0
"April 10–14, 2025",Echelon Insights,Ocasio-Cortez,7.0
"April 10–14, 2025",Echelon Insights,Shapiro,3.0
"April 1–3, 2025",Yale Youth Poll,Buttigieg,14.0
"April 1–3, 2025",Yale Youth Poll,Harris,28.0
"April 1–3, 2025",Yale Youth Poll,Newsom,6.0
"April 1–3, 2025",Yale Youth Poll,Ocasio-Cortez,21.0
"April 1–3, 2025",Yale Youth Poll,Shapiro,5.0
"March 30 – April 1, 2025",YouGov/Economist,Buttigieg,10.0
"March 30 – April 1, 2025",YouGov/Economist,Harris,25.0
"March 30 – April 1, 2025",YouGov/Economist,Newsom,7.0
"March 30 – April 1, 2025",YouGov/Economist,Ocasio-Cortez,8.0
"March 14–16, 2025",Morning Consult,Buttigieg,10.0
"March 14–16, 2025",Morning Consult,Harris,36.0
"March 14–16, 2025",Morning Consult,Newsom,5.0
"March 14–16, 2025",Morning Consult,Ocasio-Cortez,5.0
"March 14–16, 2025",Morning Consult,Shapiro,4.0
"March 10–13, 2025",Echelon Insights,Buttigieg,10.0
"March 10–13, 2025",Echelon Insights,Harris,33.0
"March 10–13, 2025",Echelon Insights,Newsom,7.0
"March 10–13, 2025",Echelon Insights,Ocasio-Cortez,7.0
"March 10–13, 2025",Echelon Insights,Shapiro,2.0
"February 13–16, 2025",SurveyUSA,Buttigieg,11.0
"February 13–16, 2025",SurveyUSA,Harris,37.0
"February 13–16, 2025",SurveyUSA,Newsom,9.0
"February 13–16, 2025",SurveyUSA,Ocasio-Cortez,7.0
"February 13–16, 2025",SurveyUSA,Shapiro,6.0
"February 11–18, 2025",McLaughlin & Associates,Buttigieg,8.0
"February 11–18, 2025",McLaughlin & Associates,Harris,36.0
"February 11–18, 2025",McLaughlin & Associates,Newsom,4.0
"February 11–18, 2025",McLaughlin & Associates,Ocasio-Cortez,3.0
"February 11–18, 2025",McLaughlin & Associates,Shapiro,3.0
"February 10–13, 2025",Echelon Insights,Buttigieg,10.0
"February 10–13, 2025",Echelon Insights,Harris,36.0
"February 10–13, 2025",Echelon Insights,Newsom,6.0
"February 10–13, 2025",Echelon Insights,Ocasio-Cortez,5.0
"February 10–13, 2025",Echelon Insights,Shapiro,3.0
"January 22–27, 2025",McLaughlin & Associates,Buttigieg,9.0
"January 22–27, 2025",McLaughlin & Associates,Harris,33.0
"January 22–27, 2025",McLaughlin & Associates,Newsom,7.0
"January 22–27, 2025",McLaughlin & Associates,Ocasio-Cortez,6.0
"January 22–27, 2025",McLaughlin & Associates,Shapiro,3.0
"December 11–16, 2024",McLaughlin & Associates,Buttigieg,12.0
"December 11–16, 2024",McLaughlin & Associates,Harris,35.0
"December 11–16, 2024",McLaughlin & Associates,Newsom,7.0
"December 11–16, 2024",McLaughlin & Associates,Ocasio-Cortez,3.0
"December 11–16, 2024",McLaughlin & Associates,Shapiro,5.0
"November 20–22, 2024",Emerson College,Buttigieg,4.0
"November 20–22, 2024",Emerson College,Harris,37.0
"November 20–22, 2024",Emerson College,Newsom,7.0
"November 20–22, 2024",Emerson College,Ocasio-Cortez,1.0
"November 20–22, 2024",Emerson College,Shapiro,3.0
"November 14–18, 2024",Echelon Insights,Buttigieg,6.0
"November 14–18, 2024",Echelon Insights,Harris,41.0
"November 14–18, 2024",Echelon Insights,Newsom,8.0
"November 14–18, 2024",Echelon Insights,Ocasio-Cortez,4.0
"November 14–18, 2024",Echelon Insights,Shapiro,7.0
"November 15–17, 2024",Morning Consult,Buttigieg,9.0
"November 15–17, 2024",Morning Consult,Harris,43.0
"November 15–17, 2024",Morning Consult,Newsom,8.0
"November 15–17, 2024",Morning Consult,Ocasio-Cortez,4.0
"November 15–17, 2024",Morning Consult,Shapiro,5.0
"May 28–29, 2024",Morning Consult/Politico,Buttigieg,10.0
"May 28–29, 2024",Morning Consult/Politico,Harris,21.0
"May 28–29, 2024",Morning Consult/Politico,Newsom,10.0
"May 28–29, 2024",Morning Consult/Politico,Shapiro,3.0
"January 16–18, 2024",Echelon Insights,Buttigieg,13.0
"January 16–18, 2024",Echelon Insights,Harris,33.0
"January 16–18, 2024",Echelon Insights,Newsom,11.0
"January 16–18, 2024",Echelon Insights,Shapiro,2.0
